,Full request URI,Label
0,https://blog.myfitnesspal.com,Health
1,https://itunes.apple.com/us/app/myfitnesspal/id341232718?mt=8,Health
2,https://www.eatthis.com/best-diet-foods-experts/,Health
3,https://www.eatthis.com/forgotten-discontinued-restaurant-dishes/,Health
4,https://www.eatthis.com/mind-body/,Health
5,https://www.instagram.com/eatthisnotthat/,Health
6,https://www.eatthis.com/author/lisa-moskovitz/,Health
7,https://www.eatthis.com/news-taco-kit-recall-hy-vee-giant-eagle/,Health
8,https://www.eatthis.com/author/claudia-sidoti/,Health
9,https://www.eatthis.com/weight-loss/,Health
10,https://www.eatthis.com/author/julie-upton/,Health
11,https://www.galvanizedbooks.com/,Health
12,https://www.eatthis.com/author/leslie-bonci/,Health
13,https://www.eatthis.com/author/toby-amidor/,Health
14,https://www.eatthis.com/contact-us/,Health
15,https://www.eatthis.com/healthy-eating/,Health
16,https://www.eatthis.com/news-ruining-heart-experts/,Health
17,https://www.eatthis.com/author/amy-shapiro/,Health
18,https://www.eatthis.com/about-eat-this-not-that/,Health
19,https://www.eatthis.com/most-underrated-fast-food-desserts/,Health
20,https://twitter.com/EatThisNotThat,Health
21,https://www.eatthis.com/most-popular-chips-to-try/,Health
22,https://www.eatthis.com/author/lauren-manaker/,Health
23,https://www.eatthis.com/news-pinkberry-cold-brew-fruit-tea/,Health
24,https://www.eatthis.com/healthy-memorial-day-burger-ideas/,Health
25,https://www.eatthis.com/privacy-policy/,Health
26,https://www.eatthis.com/recipes/,Health
27,https://www.eatthis.com/unhealthy-things-doctors/,Health
28,https://www.eatthis.com/podcast/,Health
29,https://www.eatthis.com/10-smoothie-recipes-weight-loss/,Health
30,https://www.eatthis.com/health/,Health
31,https://www.eatthis.com/leftover-pasta-sauce/,Health
32,https://www.eatthis.com/old-fashioned-foods/,Health
33,https://www.eatthis.com/author/taz-bhatia/,Health
34,https://www.eatthis.com/news-insect-pet-food/,Health
35,https://www.eatthis.com/news-standing-7-minute-workout-chris-jordan/,Health
36,https://www.eatthis.com/surprising-side-effects-of-marijuana-say-experts/,Health
37,https://www.eatthis.com/news-side-effect-weight-gain-dog/,Health
38,https://www.eatthis.com/the-worst-cocktail-to-drink-this-summer-according-to-an-expert/,Health
39,https://www.eatthis.com/lasting-weight-loss-secret-experts/,Health
40,https://www.eatthis.com/best-supplements-for-flat-belly/,Health
41,https://www.eatthis.com/author/nik-fields/,Health
42,https://www.eatthis.com/faq/,Health
43,https://www.eatthis.com/restaurants/,Health
44,https://www.eatthis.com/worst-foods-for-ibs/,Health
45,https://www.eatthis.com/best-oat-milk/,Health
46,https://www.eatthis.com/author/ilana-muhlstein/,Health
47,https://www.eatthis.com/newsletters/,Health
48,https://www.eatthis.com/author/sydney-greene/,Health
49,https://www.eatthis.com/memorial-day-deals-2021/,Health
50,https://www.eatthis.com/terms-and-conditions/,Health
51,https://www.eatthis.com/author/michele-promaulayko/,Health
52,https://www.pinterest.com/eatthisnotthat/,Health
53,https://www.eatthis.com/news-effect-of-watermelon-science/,Health
54,https://www.eatthis.com/health-tips-after-forty/,Health
55,https://www.eatthis.com/author/howard-grossman/,Health
56,https://www.eatthis.com/best-and-worst-store-bought-breads/,Health
57,https://www.eatthis.com/author/nutrition-twins/,Health
58,https://www.eatthis.com/about-health/,Health
59,https://www.eatthis.com/medical-review-board/,Health
60,https://www.eatthis.com/partner-sites/,Health
61,https://www.eatthis.com/not-drinking-soda-side-effects/,Health
62,https://www.facebook.com/pages/Eat-This-Not-That/123452516277,Health
63,https://www.eatthis.com/best-vegetable-to-eat/,Health
64,https://www.eatthis.com/author/mike-bohl/,Health
65,https://www.eatthis.com/supermarkets/,Health
66,https://www.eatthis.com/advertising-opportunities/,Health
67,https://www.eatthis.com/author/deena-adimoolam/,Health
68,https://www.nhs.uk/service-search,Health
69,https://www.nhs.uk/Service-Search/Urgent-Care/LocationSearch/1824,Health
70,https://www.nhs.uk/apps-library/,Health
71,https://www.nhs.uk/apps-library/nhs-app/,Health
72,https://www.organdonation.nhs.uk/register-to-donate/register-your-details/?campaign=2331&utm_source=nhsc_hp_organ&utm_medium=referral&utm_content=web&utm_campaign=partner,Health
73,https://www.nhs.uk/using-the-nhs/nhs-services/the-nhs-app/,Health
74,https://www.nhs.uk/Service-Search/Accident-and-emergency-services/LocationSearch/428,Health
75,https://www.nhs.uk/live-well/eat-well/,Health
76,https://www.nhs.uk/apps-library/healthunlocked/,Health
77,https://www.nhs.uk/conditions/stress-anxiety-depression/,Health
78,https://www.nhs.uk/live-well/exercise/couch-to-5k-week-by-week/,Health
79,https://healthandcarevideos.uk/,Health
80,https://www.nhs.uk/start4life/weaning,Health
81,https://www.nhs.uk/Service-Search/Dentists/LocationSearch/3,Health
82,https://www.nhs.uk/service-search/GP/LocationSearch/4,Health
83,https://www.nhs.uk/service-search/find-a-pharmacy/,Health
84,https://www.nhs.uk/conditions/coronavirus-covid-19/staying-at-home-to-avoid-getting-coronavirus/how-to-get-medical-help-from-home/,Health
85,https://www.nhs.uk/apps-library/nhs-go/,Health
86,https://111.nhs.uk/?utm_source=nhsuk&utm_campaign=homepage,Health
87,https://www.nhs.uk/apps-library/nhs-covid-19/,Health
88,https://www.nhs.uk/live-well/healthy-weight/start-the-nhs-weight-loss-plan/,Health
89,https://login.yahoo.com/?.lang=en-US&src=lifestyle,Health
90,https://policies.yahoo.com/us/en/yahoo/terms/utos/index.htm,Health
91,https://www.yahoo.com/,Health
92,https://www.pinterest.com/YahooStyle/,Health
93,https://www.yahoo.com/entertainment/,Health
94,https://www.yahoo.com/lifestyle/tagged/health,Health
95,https://www.yahoo.com/lifestyle/tagged/unmuted,Health
96,https://www.yahoo.com/everything/,Health
97,https://news.yahoo.com/,Health
98,https://www.yahoo.com/lifestyle/tagged/school-report-card,Health
99,https://www.yahoo.com/lifestyle/tagged/parenting,Health
100,https://www.yahoo.com/lifestyle/sitemap/,Health
101,https://www.yahoo.com/lifestyle/well-being,Health
102,https://www.instagram.com/yahoolifestyle/,Health
103,https://finance.yahoo.com/,Health
104,https://www.yahoo.com/lifestyle/tagged/video/,Health
105,https://shopping.yahoo.com/,Health
106,https://www.yahoo.com/lifestyle/tagged/mental-health,Health
107,https://sports.yahoo.com/,Health
108,https://www.yahoo.com/lifestyle/tagged/so-mini-ways,Health
109,https://www.yahoo.com/lifestyle/tagged/cooking-for-comfort,Health
110,https://www.yahoo.com/lifestyle/tagged/reset-your-mindset,Health
111,https://mail.yahoo.com/,Health
112,https://www.yahoo.com/lifestyle/tagged/fitness-and-nutrition,Health
113,https://www.yahoo.com/lifestyle/style-beauty,Health
114,https://policies.yahoo.com/us/en/yahoo/privacy/index.htm,Health
115,https://help.yahoo.com/kb/account,Health
116,https://www.yahoo.com/lifestyle/tagged/immersive,Health
117,https://yahoo.uservoice.com/forums/926488,Health
118,https://news.yahoo.com/coronavirus,Health
119,https://www.yahoo.com/lifestyle/sponsored-after-more-than-a-year-of-life-in-a-global-pandemic-how-can-we-help-ourselves-cope-150937711.html,Health
120,https://www.yahoo.com,Health
121,https://www.yahoo.com/lifestyle,Health
122,https://www.facebook.com/yahoolifestyle,Health
123,https://www.verizonmedia.com/policies/us/en/verizonmedia/privacy/adinfo/index.html,Health
124,https://www.yahoo.com/lifestyle/tagged/challenges,Health
125,https://www.yahoo.com/lifestyle/tagged/coronavirus,Health
126,https://www.yahoo.com/lifestyle/tagged/soledad-investigates,Health
127,https://www.yahoo.com/lifestyle/tagged/the-unwind,Health
128,https://www.yahoo.com/lifestyle/open-up-192036361.html,Health
129,https://www.yahoo.com/lifestyle/tagged/my-beauty-my-way,Health
130,https://twitter.com/yahoolife/,Health
131,https://www.yahoo.com/lifestyle/tagged/class-of-covid,Health
132,https://www.youtube.com/channel/UCNM2ti9d-f8z_Hqmt9cB0Iw,Health
133,https://subscription.yahoo.net/Newsletter/Preference/sub?&b=lifestyle&ncid=dcm_23789283_266843375_461934262_128289305,Health
134,https://www.yahoo.com/plus,Health
135,https://www.medicinenet.com/aerobic_exercise/article.htm,Health
136,https://www.medicinenet.com/pregnancy_symptoms_am_i_pregnant/article.htm,Health
137,https://www.medicinenet.com/contact_us/article.htm,Health
138,https://www.medicinenet.com/osteoarthritis/article.htm,Health
139,https://www.medicinenet.com/birth_control_methods/article.htm,Health
140,https://www.medicinenet.com/menopause/focus.htm,Health
141,https://www.medicinenet.com/chronic_pain/focus.htm,Health
142,https://www.medicinenet.com/crohns_disease/article.htm,Health
143,https://www.medicinenet.com/digestion/focus.htm,Health
144,https://www.medicinenet.com/hearing/focus.htm,Health
145,https://www.medicinenet.com/which_blood_pressure_number_is_the_most_important/article.htm,Health
146,https://www.medicinenet.com/infectious_disease/focus.htm,Health
147,https://www.medicinenet.com/hemorrhoids_piles/article.htm,Health
148,https://www.medicinenet.com/sertraline/article.htm,Health
149,https://www.rxlist.com/pill-identification-tool/article.htm,Health
150,https://www.medicinenet.com/image-collection/psoriasis_1_picture/picture.htm,Health
151,https://www.medicinenet.com/cold_and_flu/focus.htm,Health
152,https://www.medicinenet.com/image_collection/article.htm,Health
153,https://www.medicinenet.com/allergy/patient-comments-627.htm,Health
154,https://www.medicinenet.com/image-collection/scabies_1_picture/picture.htm,Health
155,https://www.medicinenet.com/breast_cancer_facts_stages/article.htm,Health
156,https://www.medicinenet.com/hepatitis_c/article.htm,Health
157,https://www.webmd.com/about-webmd-policies/about-ccpa-do-not-sell,Health
158,https://www.medicinenet.com/myopia_nearsightedness_symptoms_and_signs/symptoms.htm,Health
159,https://www.medicinenet.com/jock_itch/article.htm,Health
160,https://www.medicinenet.com/healthy_kids/focus.htm,Health
161,https://www.medicinenet.com/script/main/art.asp?articlekey=10493,Health
162,https://www.medicinenet.com/script/main/art.asp?articlekey=258814,Health
163,https://www.medicinenet.com/mental_health/focus.htm,Health
164,https://www.medicinenet.com/image-collection/alopecia_areata_head_and_beard_picture/picture.htm,Health
165,https://www.medicinenet.com/mesothelioma_symptoms_and_signs/symptoms.htm,Health
166,https://www.medicinenet.com/arthritis/focus.htm,Health
167,https://www.medicinenet.com/medterms-medical-dictionary/article.htm,Health
168,https://www.medicinenet.com/slideshows/article.htm,Health
169,https://www.medicinenet.com,Health
170,https://www.medicinenet.com/schizophrenia/article.htm,Health
171,https://www.medicinenet.com/psoriasis/discussion-179.htm,Health
172,https://www.hon.ch/HONcode/Conduct.html?HONConduct594277,Health
173,https://www.medicinenet.com/stages_of_pregnancy_pictures_slideshow/article.htm,Health
174,https://www.medicinenet.com/heart_disease_quiz/quiz.htm,Health
175,https://www.medicinenet.com/pregnancy_bleeding_during_the_first_trimester/article.htm,Health
176,https://www.medicinenet.com/adhd_in_children/article.htm,Health
177,https://www.medicinenet.com/script/main/hp.asp,Health
178,https://www.medicinenet.com/adhd_children_pictures_slideshow/article.htm,Health
179,https://www.medicinenet.com/heart_disease_pictures_slideshow_visual_guide/article.htm,Health
180,https://www.medicinenet.com/hiv/focus.htm,Health
181,https://www.medicinenet.com/eyesight/focus.htm,Health
182,https://www.medicinenet.com/what_are_typical_allergy_symptoms/article.htm,Health
183,https://www.medicinenet.com/is_sore_throat_pharyngitis_contagious/article.htm,Health
184,https://www.medicinenet.com/neurology/focus.htm,Health
185,https://www.webmd.com/rx/,Health
186,https://www.medicinenet.com/script/main/art.asp?articlekey=12510,Health
187,https://www.medicinenet.com/what_are_the_negative_effects_of_turmeric/article.htm,Health
188,https://www.medicinenet.com/script/main/art.asp?articlekey=64067,Health
189,https://www.webmd.com/multiple-sclerosis/life-with-ms-19/video-ms-air-doc,Health
190,https://www.medicinenet.com/script/main/art.asp?articlekey=64066,Health
191,https://www.medicinenet.com/mucormycosis/article.htm,Health
192,https://www.medicinenet.com/what_naturally_stops_diarrhea/article.htm,Health
193,https://www.medicinenet.com/procedures_and_tests/article.htm,Health
194,https://www.medicinenet.com/type_2_diabetes_pictures_slideshow/article.htm,Health
195,https://www.medicinenet.com/what_are_the_5_best_exercises/article.htm,Health
196,https://www.medicinenet.com/atrial_fibrillation_afib_symptoms_and_signs/symptoms.htm,Health
197,https://www.medicinenet.com/site_map/article.htm,Health
198,https://www.rxlist.com/pharmacy/local_locations_pharmacies.htm,Health
199,https://www.medicinenet.com/bad_bugs_pictures_slideshow/article.htm,Health
200,https://www.medicinenet.com/script/main/art.asp?articlekey=256681,Health
201,https://www.medicinenet.com/diseases_and_conditions/article.htm,Health
202,https://www.medicinenet.com/quizzes_a-z_list/article.htm,Health
203,https://www.medicinenet.com/migraine/focus.htm,Health
204,https://www.medicinenet.com/benzodiazepines_sleep-inducing-oral/article.htm,Health
205,https://www.medicinenet.com/script/main/art.asp?articlekey=258924,Health
206,https://www.medicinenet.com/how_to_lower_your_bottom_blood_pressure_number/article.htm,Health
207,https://www.medicinenet.com/bullying/article.htm,Health
208,https://www.medicinenet.com/oral_cancer_symptoms_and_signs/symptoms.htm,Health
209,https://www.medicinenet.com/script/main/art.asp?articlekey=12507,Health
210,https://www.medicinenet.com/health_medical_news/article.htm,Health
211,https://www.medicinenet.com/fibromyalgia_facts/patient-comments-4461.htm,Health
212,https://www.medicinenet.com/presbyopia_symptoms_and_signs/symptoms.htm,Health
213,https://www.medicinenet.com/thyroid/focus.htm,Health
214,https://www.medicinenet.com/mood_swings/symptoms.htm,Health
215,https://data.webmd.com/sdclive/SdcForm.aspx?FormId=MedNetContact,Health
216,https://www.webmd.com/peyronies-treatment-option/treatment-option,Health
217,https://www.medicinenet.com/script/main/art.asp?articlekey=63261,Health
218,https://www.medicinenet.com/heart/focus.htm,Health
219,https://www.medicinenet.com/kidney_disease_quiz/quiz.htm,Health
220,https://www.medicinenet.com/depression/focus.htm,Health
221,https://www.medicinenet.com/low_blood_pressure/article.htm,Health
222,https://www.medicinenet.com/psoriasis_symptoms_treatment_pictures_slideshow/article.htm,Health
223,https://www.medicinenet.com/diet_and_nutrition_quiz/quiz.htm,Health
224,https://www.webmd.com/,Health
225,https://www.medicinenet.com/brain_cancer_symptoms_and_signs/symptoms.htm,Health
226,https://www.medicinenet.com/cholesterol/focus.htm,Health
227,https://www.medicinenet.com/cataracts_pictures_slideshow/article.htm,Health
228,https://www.medicinenet.com/what_is_classified_as_an_eating_disorder/article.htm,Health
229,https://www.medicinenet.com/script/main/art.asp?articlekey=258774,Health
230,https://www.medicinenet.com/sexual_health/focus.htm,Health
231,https://www.rxlist.com/script/main/hp.asp,Health
232,https://www.medicinenet.com/skin_problems_pictures_slideshow/article.htm,Health
233,https://www.medicinenet.com/script/main/art.asp?articlekey=12596,Health
234,https://www.medicinenet.com/c-reactive_protein_test_crp/article.htm,Health
235,https://www.medicinenet.com/supplements-vitamins/article.htm,Health
236,https://www.medicinenet.com/script/main/art.asp?articlekey=258824,Health
237,https://www.medicinenet.com/bladder_cancer_symptoms_and_signs/symptoms.htm,Health
238,https://www.medicinenet.com/adult_adhd/article.htm,Health
239,https://www.medicinenet.com/mens_health/focus.htm,Health
240,https://www.webmd.com/dna/metastatic-bc-resource-center,Health
241,https://www.webmd.com/dupuytrens/treatment,Health
242,https://www.medicinenet.com/ovarian_cancer_quiz/quiz.htm,Health
243,https://www.medicinenet.com/diet_and_weight_management/article.htm,Health
244,https://www.medicinenet.com/womens_health/focus.htm,Health
245,https://www.webmd.com/dna/dandruff-just-the-facts,Health
246,https://www.medicinenet.com/medications/article.htm,Health
247,https://www.medicinenet.com/hemorrhoids_pictures_slideshow/article.htm,Health
248,https://www.medicinenet.com/cancer/focus.htm,Health
249,https://www.medicinenet.com/probiotics/article.htm,Health
250,https://www.medicinenet.com/hepatitis_c_pictures_slideshow/article.htm,Health
251,https://www.medicinenet.com/nutrition_food_and_recipes/article.htm,Health
252,https://www.medicinenet.com/diabetes/focus.htm,Health
253,https://www.emedicinehealth.com/script/main/hp.asp,Health
254,https://www.rxlist.com/drug-interaction-checker.htm,Health
255,https://www.medicinenet.com/oral_health/focus.htm,Health
256,https://www.medicinenet.com/low_residue_and_low_fiber_diet/article.htm,Health
257,https://www.medicinenet.com/eye_diseases_pictures_slideshow/article.htm,Health
258,https://www.medicinenet.com/script/main/art.asp?articlekey=258965,Health
259,https://www.medicinenet.com/vyvanse_vs_strattera/article.htm,Health
260,https://www.medicinenet.com/rheumatoid_arthritis/discussion-1.htm,Health
261,https://www.medicinenet.com/lungs/focus.htm,Health
262,https://www.medicinenet.com/type_2_diabetes/article.htm,Health
263,https://www.medicinenet.com/breast_cancer_symptoms_and_signs/symptoms.htm,Health
264,https://www.medicinenet.com/birth_control_pictures_slideshow/article.htm,Health
265,https://www.medicinenet.com/thyroid_pictures_slideshow/article.htm,Health
266,https://www.medicinenet.com/exercise_and_fitness/article.htm,Health
267,https://www.medicinenet.com/asthma/focus.htm,Health
268,https://www.medicinenet.com/allergies/focus.htm,Health
269,https://www.medicinenet.com/skin/focus.htm,Health
270,https://www.medicinenet.com/spinal_headache_symptoms_and_signs/symptoms.htm,Health
271,https://www.medicinenet.com/high_blood_pressure/focus.htm,Health
272,https://www.medicinenet.com/travel_health/focus.htm,Health
273,https://www.medicinenet.com/psoriatic_arthritis/article.htm,Health
274,https://www.medicinenet.com/symptoms_and_signs/article.htm,Health
275,https://www.webmd.com/skin-problems-and-treatments/psoriasis/psoriasis-17/action-plan/slideshow-psoriasis-foods,Health
276,https://www.medicinenet.com/prevention_and_wellness/article.htm,Health
277,https://www.medicinenet.com/health_and_living/focus.htm,Health
278,https://www.medicinenet.com/sexual_health_pictures_slideshow/article.htm,Health
279,https://www.medicinenet.com/image-collection/genital_warts_hpv_picture/picture.htm,Health
280,https://www.medicinenet.com/pregnancy/focus.htm,Health
281,https://www.webmd.com/dna/the-turning-point/cad-pad,Health
282,https://www.medicinenet.com/sleep/focus.htm,Health
283,https://www.medscape.com/,Health
284,https://www.medicinenet.com/myocarditis/article.htm,Health
285,https://reference.medscape.com,Health
286,https://www.medicinenet.com/adhd_in_children/patient-comments-4400.htm,Health
287,https://www.medicinenet.com/alzheimers/focus.htm,Health
288,https://www.medicinenet.com/senior_health/focus.htm,Health
289,https://www.medicinenet.com/stds_pictures_slideshow/article.htm,Health
290,https://www.onhealth.com,Health
291,https://www.webmd.com/bladder-cancer-questions,Health
292,https://www.medicinenet.com/diabetes_mellitus/article.htm,Health
293,https://www.medicinenet.com/what_are_blood_oxygen_levels/article.htm,Health
294,https://www.medicinenet.com/dental_health_common_problems_pictures_slideshow/article.htm,Health
295,https://www.medicinenet.com/melanoma/article.htm,Health
296,https://www.webmd.com/corporate/default.htm,Health
297,https://www.stitcher.com/podcast/mindbodygreen-2/the-mindbodygreen-podcast,Health
298,https://www.mindbodygreen.com/disclaimer,Health
299,https://www.mindbodygreen.com/contact,Health
300,https://www.mindbodygreen.com/terms-of-use,Health
301,https://itunes.apple.com/us/podcast/mindbodygreen-podcast-motivational-interviews-covering/id1246494475?mt=2,Health
302,https://www.mindbodygreen.com/advertise,Health
303,https://shop.mindbodygreen.com/cart,Health
304,https://www.mindbodygreen.com/about,Health
305,https://www.facebook.com/mindbodygreen/,Health
306,https://play.google.com/music/listen?u=0#/ps/Iswrppq2ccfi4i5zdaev7yv6jlm,Health
307,https://www.mindbodygreen.com/contribute,Health
308,https://www.youtube.com/mindbodygreen/,Health
309,https://www.mindbodygreen.com/terms-of-sale,Health
310,https://www.instagram.com/mindbodygreen/,Health
311,https://www.mindbodygreen.com/classes/the-elimination-diet-a-60-day-protocol-to-uncover-food-intolerances-heal-the-gu,Health
312,https://www.mindbodygreen.com/affiliates,Health
313,https://www.mindbodygreen.com/jobs,Health
314,https://twitter.com/mindbodygreen,Health
315,https://www.mindbodygreen.com/collective,Health
316,https://www.mindbodygreen.com/privacy,Health
317,https://shop.mindbodygreen.com,Health
318,https://www.mindbodygreen.com/data-collection,Health
319,https://shop.mindbodygreen.com/products/magnesium,Health
320,https://www.hokaoneone.com/mens-recovery-sandals/ora-recovery-slide/1099673.html,Health
321,https://www.menshealth.com/fitness/a34992350/home-gym-awards-2021/,Health
322,https://join.menshealth.com/pubs/HR/MHL/MHL2_Plans.jsp?cds_page_id=252233&cds_mag_code=MHL&cds_tracking_code=panelnav,Health
323,https://twitter.com/menshealthmag,Health
324,https://www.hearst.com/-/us-magazines-privacy-notice#_ADDITIONAL_INFO,Health
325,https://www.menshealth.com/health/,Health
326,https://www.menshealth.com/mvp-exclusives/,Health
327,https://optout.hearstmags.com/servlet/OrdersGateway?cds_mag_code=A99&cds_page_id=246801&client_id=2g6s6tnrvfgtiasi3rgsj3jgk1,Health
328,https://www.amazon.com/stores/+Women%27s+Health+Men%27s+Health/page/4FF43C7C-7888-48A8-8609-7628914190AA?ref_=ast_bln&_encoding=UTF8&tag=mh-lift-20&linkCode=ur2&linkId=8e8a3e45a568035c7d654586b4ddbca5&camp=1789&creative=9325,Health
329,https://www.youtube.com/user/MensHealthMag,Health
330,https://www.hearst.com/-/us-magazines-privacy-notice,Health
331,https://app.sampler.io/mens-health,Health
332,https://join.menshealth.com/pubs/HR/MHL/MHL2_Plans.jsp?cds_page_id=252233&cds_mag_code=MHL&cds_tracking_code=footer,Health
333,https://www.menshealth.com/nutrition/,Health
334,https://www.menshealth.com/covid-vaccine-stories/,Health
335,https://wrightsmedia.com/sites/rodale/menshealth/,Health
336,https://www.menshealthmediakit.com/,Health
337,https://www.pinterest.com/menshealthmag/,Health
338,https://www.facebook.com/MensHealth,Health
339,https://www.hearst.com/-/us-magazines-terms-of-use,Health
340,https://www.onnit.com/onnit-steel-clubs/,Health
341,https://www.menshealth.com/trending-news/,Health
342,https://subscribe.hearstmags.com/subscribe/splits/menshealth/mhl_gift_nav_link?source=mhl_gift_nav_footer,Health
343,https://join.menshealth.com/pubs/HR/MHL/MHL2_Plans.jsp?cds_page_id=252233&cds_mag_code=MHL&cds_tracking_code=topnav,Health
344,https://www.youtube.com/user/MensHealthMag/,Health
345,https://www.menshealth.com/fitness/,Health
346,https://twitter.com/MensHealthMag,Health
347,https://www.menshealth.com/entertainment/,Health
348,https://www.amazon.com/dp/B08LKTST8V?linkCode=ogi,Health
349,https://www.instagram.com/menshealthmag/,Health
350,https://www.amazon.com/dp/B076SN9P99?linkCode=ogi,Health
351,https://www.hearst.com/-/us-magazines-privacy-notice#_INTEREST_BASED,Health
352,https://www.riteaid.com/locations/index.html,Health
353,https://www.pinterest.com/riteaid,Health
354,https://www.riteaid.com/shop/travel/power-sources,Health
355,https://www.riteaid.com/shop.html,Health
356,https://www.riteaid.com/shop,Health
357,https://careers.riteaid.com/,Health
358,https://www.riteaid.com/shop/travel/organization,Health
359,https://www.riteaid.com/shop/travel/safety-gear,Health
360,https://photo.riteaid.com/,Health
361,https://www.doordash.com/business/715696/?utm_source=partner-link&utm_medium=website&utm_campaign=715696,Health
362,https://www.riteaid.com/shop/summer/summer-activities,Health
363,https://www.riteaid.com/shop/travel/car-care-accessories,Health
364,https://www.riteaid.com/locations/search.html,Health
365,https://delivery.riteaid.com,Health
366,https://www.riteaid.com/shop/travel/travel-essentials,Health
367,https://www.riteaid.com/shop/summer/sunscreen-first-aid,Health
368,https://privacyportal-cdn.onetrust.com/dsarwebform/6eeef189-9b77-4cd5-9818-89f4bd2b0cf1/5ba18f6c-9007-4ccb-a590-fcbc9350c0e0.html,Health
369,https://kidshealth.org/?view=contactus&WT.ac=cus-en&src=foot,Health
370,https://www.nemours.org/?utm_source=khnem&utm_medium=nemours&utm_campaign=logo&utm_term=footer,Health
371,https://public.govdelivery.com/accounts/USNLMMP/signup/12507,Health
372,https://medlineplus.gov/accessibility.html,Health
373,https://clinicaltrials.gov,Health
374,https://medlineplus.gov/,Health
375,https://www.nlm.nih.gov/privacy.html,Health
376,https://medlineplus.gov/tickbites.html,Health
377,https://magazine.medlineplus.gov/,Health
378,https://medlineplus.gov/organizations/all_organizations.html,Health
379,https://medlineplus.gov/eyecare.html,Health
380,https://facebook.com/Mplus.gov/,Health
381,https://twitter.com/medlineplus,Health
382,https://medlineplus.gov/lab-tests/,Health
383,https://medlineplus.gov/listserv.html,Health
384,https://medlineplus.gov/languages/languages.html,Health
385,https://medlineplus.gov/about/using/usingcontent/,Health
386,https://medlineplus.gov/allofus.html,Health
387,https://www.nlm.nih.gov/,Health
388,https://www.nlm.nih.gov,Health
389,https://medlineplus.gov/connect/overview.html,Health
390,https://medlineplus.gov/spanish/genetica/entender/basica/,Health
391,https://medlineplus.gov/all_easytoread.html,Health
392,https://medlineplus.gov/rss.html,Health
393,https://medlineplus.gov/social-media-toolkit/,Health
394,https://medlineplus.gov/whatsnew/,Health
395,https://medlineplus.gov/covid19vaccines.html,Health
396,https://medlineplus.gov/healthtopics.html,Health
397,https://medlineplus.gov/spanish/,Health
398,https://medlineplus.gov/directories/,Health
399,https://medlineplus.gov/about/using/criteria/,Health
400,https://medlineplus.gov/videosandcooltools.html,Health
401,https://medlineplus.gov/encyclopedia.html,Health
402,https://medlineplus.gov/about/developers/,Health
403,https://medlineplus.gov/druginformation.html,Health
404,https://medlineplus.gov,Health
405,https://support.nlm.nih.gov/knowledgebase/category/?id=CAT-01231&category=medlineplus&from=https%3A//medlineplus.gov/,Health
406,https://medlineplus.gov/genetics/,Health
407,https://medlineplus.gov/about/,Health
408,https://medlineplus.gov/genetics/understanding/basics/,Health
409,https://medlineplus.gov/plugins.html,Health
410,https://medlineplus.gov/disclaimers.html,Health
411,https://medlineplus.gov/recipes/,Health
412,https://www.cdc.gov/other/nondiscrimination.html,Health
413,https://www.cdc.gov/coronavirus/2019-ncov/vaccines/faq.html,Health
414,https://www.cdc.gov,Health
415,https://vacunas.gov,Health
416,https://www.cdc.gov/coronavirus/2019-ncov/vaccines/faq.html#faq-46597-question,Health
417,https://vaccines.gov/contact-us.html,Health
418,https://www.cdc.gov/Other/disclaimer.html,Health
419,https://www.cdc.gov/other/privacy.html,Health
420,https://www.healthline.com/about,Health
421,https://www.healthline.com/,Health
422,https://www.psychcentral.com/,Health
423,https://www.healthonnet.org/HONcode/Conduct.html?HONConduct694855,Health
424,https://www.healthlinemedia.com/?utm_source=healthline.com&utm_medium=site&utm_campaign=footer&utm_content=logo,Health
425,https://careers.redventures.com/healthline.html,Health
426,https://www.medicalnewstoday.com/,Health
427,https://www.healthlinemedia.com/?utm_source=healthline.com&utm_medium=site&utm_campaign=footer&utm_content=about,Health
428,https://www.healthlinemedia.com/advertise?utm_source=healthline.com&utm_medium=site&utm_campaign=footer&utm_content=advertise,Health
429,https://act.healthline.com/lp/100902/?o_id=506&tc=120226&subid=plushcare_site-nav_151&subid2=+where&passthrough_utm_content=site-nav,Health
430,https://act.healthline.com/lp/100902/?o_id=506&tc=120226&subid=plushcare_site-nav_151&subid2=%2F&passthrough_utm_content=site-nav,Health
431,https://www.rxlist.com/pomalyst-drug.htm,Health
432,https://www.rxlist.com/khedezla-drug.htm,Health
433,https://www.rxlist.com,Health
434,https://www.rxlist.com/drug-slideshows-all/article.htm,Health
435,https://www.rxlist.com/sexual_health_slideshow_pictures/article.htm,Health
436,https://www.rxlist.com/gilenya-drug.htm,Health
437,https://www.rxlist.com/multiple_sclerosis_ms_medications/drugs-condition.htm,Health
438,https://www.rxlist.com/sterile-water-drug.htm,Health
439,https://www.rxlist.com/pain_medications/drugs-condition.htm,Health
440,https://www.rxlist.com/brintellix-drug.htm,Health
441,https://www.rxlist.com/script/main/hp.asp#,Health
442,https://www.rxlist.com/symptoms-checker/symptom.htm,Health
443,https://www.rxlist.com/binge_eating_disorder_slideshow_pictures/article.htm,Health
444,https://www.rxlist.com/weight_gain_shockers_slideshow/article.htm,Health
445,https://www.rxlist.com/script/main/art.asp?articlekey=64470,Health
446,https://www.rxlist.com/pristiq-drug.htm,Health
447,https://www.rxlist.com/quiz_migraine_headaches/quiz.htm,Health
448,https://www.rxlist.com/out_of_control_allergies_slideshow_pictures/article.htm,Health
449,https://www.healthonnet.org/HONcode/Conduct.html?HONConduct475840,Health
450,https://www.rxlist.com/luxturna-drug.htm,Health
451,https://www.rxlist.com/diabetes_foot_problems_slideshow/article.htm,Health
452,https://www.medicinenet.com/script/main/hp.asp,Health
453,https://www.rxlist.com/brilinta-drug.htm,Health
454,https://www.rxlist.com/alzheimers_disease_slideshow/article.htm,Health
455,https://www.rxlist.com/flolipid-drug.htm,Health
456,https://www.rxlist.com/actos-drug.htm,Health
457,https://www.rxlist.com/adhd_medications/drugs-condition.htm,Health
458,https://www.rxlist.com/fetzima-drug.htm,Health
459,https://www.rxlist.com/atrial_fibrillation_slideshow_pictures/article.htm,Health
460,https://www.rxlist.com/thyroid_symptoms_and_solutions_slideshow/article.htm,Health
461,https://reference.medscape.com,Health
462,https://www.rxlist.com/type_1_diabetes_slideshow_pictures/article.htm,Health
463,https://www.rxlist.com/urinary_incontinence_in_women_slideshow/article.htm,Health
464,https://www.rxlist.com/inapsine-drug.htm,Health
465,https://www.rxlist.com/ogivri-drug.htm,Health
466,https://www.rxlist.com/drug-interaction-checker.htm,Health
467,https://www.rxlist.com/breast_cancer_and_young_women_slideshow_pictures/article.htm,Health
468,https://www.rxlist.com/rheumatoid_arthritis_ra_medications/drugs-condition.htm,Health
469,https://www.rxlist.com/supplements/article.htm,Health
470,https://www.rxlist.com/adhd_prescription_drugs/drugs-condition.htm,Health
471,https://www.webmd.com/rx,Health
472,https://www.rxlist.com/quizzes_a-z_listing/article.htm,Health
473,https://www.rxlist.com/juluca-drug.htm,Health
474,https://www.rxlist.com/script/main/art.asp?articlekey=64473,Health
475,https://www.rxlist.com/gout_slideshow_watch_and_learn_about_gout/article.htm,Health
476,https://www.rxlist.com/spiders_slideshow_black_widow_vs_brown_recluse/article.htm,Health
477,https://www.rxlist.com/script/main/art.asp?articlekey=199773,Health
478,https://www.rxlist.com/cryselle-drug.htm,Health
479,https://www.rxlist.com/migraine_headaches_slideshow/article.htm,Health
480,https://www.rxlist.com/script/main/hp.asp,Health
481,https://www.rxlist.com/bydureon-bcise-drug.htm,Health
482,https://www.rxlist.com/rheumatoid_arthritis_slideshow/article.htm,Health
483,https://www.rxlist.com/breo-ellipta-drug.htm,Health
484,https://www.rxlist.com/script/main/art.asp?articlekey=64467,Health
485,https://www.rxlist.com/calcijex-side-effects-drug-center.htm,Health
486,https://www.rxlist.com/migraine/article.htm,Health
487,https://www.rxlist.com/diseases-conditions-medical-tests/article.htm,Health
488,https://www.rxlist.com/adhd_children_symptoms_slideshow/article.htm,Health
489,https://www.rxlist.com/sinus_infection_and_sinusitis_medications/drugs-condition.htm,Health
490,https://www.rxlist.com/psoriasis_slideshow/article.htm,Health
491,https://www.rxlist.com/maxitrol-drug.htm,Health
492,https://www.rxlist.com/image_gallery_collection/article.htm,Health
493,https://www.rxlist.com/steglatro-drug.htm,Health
494,https://www.rxlist.com/pharmacy/local_locations_pharmacies.htm,Health
495,https://www.rxlist.com/multiple_sclerosis_slideshow_pictures/article.htm,Health
496,https://www.rxlist.com/impoyz-drug.htm,Health
497,https://www.rxlist.com/headache_and_migraine_triggers_slideshow/article.htm,Health
498,https://www.rxlist.com/xeljanz-drug.htm,Health
499,https://www.rxlist.com/diabetes_weight_exercises_slideshow_pictures/article.htm,Health
500,https://www.rxlist.com/norminest-fe-and-norquest-fe-drug.htm,Health
501,https://www.rxlist.com/the_comprehensive_list_of_antidepressants/drugs-condition.htm,Health
502,https://www.rxlist.com/eskata-drug.htm,Health
503,https://www.rxlist.com/bosulif-drug.htm,Health
504,https://www.rxlist.com/exercises_rheumatoid_arthritis_slideshow/article.htm,Health
505,https://www.rxlist.com/lose_weight_without_dieting_slideshow/article.htm,Health
506,https://www.rxlist.com/irritable_bowel_syndrome_slideshow/article.htm,Health
507,https://www.rxlist.com/migraine_medications/drugs-condition.htm ,Health
508,https://www.rxlist.com/balziva-drug.htm,Health
509,https://www.rxlist.com/quiz_sex_and_love/quiz.htm,Health
510,https://www.rxlist.com/sleep_disorders_slideshow_pictures/article.htm,Health
511,https://www.rxlist.com/habits_that_wreck_your_teeth_slideshow_pictures/article.htm,Health
512,https://www.rxlist.com/prexxartan-drug.htm,Health
513,https://www.rxlist.com/lemtrada-drug.htm,Health
514,https://www.rxlist.com/anxiety_medications/drugs-condition.htm,Health
515,https://www.rxlist.com/top_concentration_killers_slideshow/article.htm,Health
516,https://www.rxlist.com/drug-medical-dictionary/article.htm,Health
517,https://www.rxlist.com/collection-of-images/shingles_picture/pictures.htm,Health
518,https://www.rxlist.com/cinvanti-drug.htm,Health
519,https://www.rxlist.com/pill_identifier_wizard/article.htm,Health
520,https://www.rxlist.com/yervoy-drug.htm,Health
521,https://www.webmd.com/skin-problems-and-treatments/psoriasis/psoriasis-17/action-plan/slideshow-psoriasis-foods,Health
522,https://www.rxlist.com/script/main/art.asp?articlekey=64474,Health
523,https://www.rxlist.com/reasons_for_blood_sugar_swings_slideshow_pictures/article.htm,Health
524,https://www.rxlist.com/benzodiazepines/drugs-condition.htm,Health
525,https://www.rxlist.com/hepatitis_c_slideshow_pictures/article.htm,Health
526,https://www.webmd.com/multiple-sclerosis/life-with-ms-19/video-ms-air-doc,Health
527,https://www.rxlist.com/colorectal_cancer_slideshow/article.htm,Health
528,https://www.webmd.com,Health
529,https://www.rxlist.com/pill-identification-tool/article.htm,Health
530,https://www.rxlist.com/xifaxan-drug.htm,Health
531,https://www.medscape.com,Health
532,https://www.rxlist.com/allergy_medications/drugs-condition.htm,Health
533,https://www.rxlist.com/cleviprex-drug.htm,Health
534,https://www.hon.ch/HONcode/Conduct.html?HONConduct594277,Health
535,https://www.rxlist.com/seizure_medications/drugs-condition.htm,Health
536,https://www.rxlist.com/steglujan-drug.htm,Health
537,https://www.onhealth.com,Health
538,https://www.rxlist.com/isentress-drug.htm,Health
539,https://www.webmd.com/about-webmd-policies/about-ccpa-do-not-sell,Health
540,https://www.rxlist.com/clenpiq-drug.htm,Health
541,https://www.rxlist.com/mavyret-drug.htm,Health
542,https://www.emedicinehealth.com/script/main/hp.asp,Health
543,https://www.rxlist.com/clomid-drug.htm,Health
544,https://signup.cj.com/member/brandedPublisherSignUp.do?air_refmerchantid=2568723,Health
545,https://www.walgreens.com/store/c/medicines-and-treatments/ID=359438-tier1,Health
546,https://photo.walgreens.com/store/same-day-pickup,Health
547,https://photo.walgreens.com/store/content,Health
548,https://www.walgreens.com/pharmacy/youraccount/accountbalance/payment.jsp,Health
549,https://www.walgreens.com/store/c/sexual-wellness/ID=359445-tier1,Health
550,https://www.walgreens.com/rx-settings/rxsettings/pay,Health
551,https://photo.walgreens.com/library/projects?website=walgreens_us&cobrand=walgreens&locale=en_US,Health
552,https://photo.walgreens.com/store/home-decor?ban=Photo_WAG_S02,Health
553,https://photo.walgreens.com/store/cards?ban=Photo_WAG_S03,Health
554,https://www.walgreens.com/youraccount/prescription_insurance_information.jsp,Health
555,https://www.walgreens.com/rx-settings/rxsettings/cap,Health
556,https://photo.walgreens.com/store/all-products,Health
557,https://www.walgreens.com/youraccount/health_history.jsp,Health
558,https://photo.walgreens.com,Health
559,https://mybadges.us.openbadges.me/api/badgeitem/9dd92965-353c-4402-a9d1-ea2ac107cdda/metadata,Health
560,https://photo.walgreens.com/store/gifts,Health
561,https://www.walgreens.com/store/c/walgreens-brand/ID=359461-tier1,Health
562,https://photo.walgreens.com/store/cards,Health
563,https://investor.walgreensbootsalliance.com/,Health
564,https://photo.walgreens.com/library/photos?website=walgreens_us&cobrand=walgreens&locale=en_US,Health
565,https://staff.walgreens.com/,Health
566,https://www.walgreens.com/store/c/vitamins-and-supplements/ID=359441-tier1,Health
567,https://www.walgreens.com/store/c/beauty/ID=359434-tier1,Health
568,https://www.walgreens.com/youraccount/communication_preferences.jsp,Health
569,https://photo.walgreens.com/store/prints-and-enlargements-details?ban=Photo_WAG_S01,Health
570,https://www.walgreens.com/store/c/baby-kids-and-toys/ID=359449-tier1,Health
571,https://www.walgreens.com/pharmacy/familyaccount/managefamilyaccounts.jsp,Health
572,https://photo.walgreens.com/store/welcome,Health
573,https://photo.walgreens.com/store/prints,Health
574,https://www.walgreens.com/topic/sr/sr_giving_back_contribution.jsp,Health
575,https://photo.walgreens.com/store/deals,Health
576,https://www.walgreens.com/store/c/contact-lenses/ID=359432-tier2clense,Health
577,https://photo.walgreens.com/store/photo-books,Health
578,https://walgreens.foreyes.com,Health
579,https://www.walgreens.com/store/c/personal-care/ID=359436-tier1,Health
580,https://www.walgreens.com/store/c/diet-and-fitness/ID=359447-tier1,Health
581,https://www.walgreens.com/search/topSearchResults.jsp,Health
582,https://market.android.com/details?id=com.usablenet.mobile.walgreen,Health
583,https://www.walgreens.com/store/c/natural-and-organic-products/ID=359459-tier1,Health
584,https://www.walgreens.com/store/store/brands/brand.jsp,Health
585,https://photo.walgreens.com/store/passport-photos,Health
586,https://www.walgreensbootsalliance.com/news-media/position-statements/modern-slâ¦,Health
587,https://photo.walgreens.com/,Health
588,https://www.walgreens.com/store/c/home-medical-supplies-and-equipment/ID=359443-tier1,Health
589,https://photo.walgreens.com/store/calendars,Health
590,https://www.walgreens.com/store/c/grocery/ID=359451-tier1,Health
591,https://www.walgreens.com/pharmacy/,Health
592,https://photo.walgreens.com/store/home-decor,Health
593,https://www.alliancerxwp.com/,Health
594,https://photo.walgreens.com/store/welcome?ban=Photo_WAG_HO?ban=Photo_WAG_HO,Health
595,https://www.walgreens.com/store/c/household/ID=359453-tier1,Health
596,https://www.walgreens.com/store/c/toys-and-games/ID=1000532-tier1,Health
597,https://news.walgreens.com/,Health
598,https://photo.walgreens.com/store/posters,Health
599,https://www.walgreens.com/store/c/seasonal-products/ID=359455-tier1,Health
600,https://www.walgreens.com/rx-settings/rxsettings,Health
601,https://www.walgreens.com/youraccount/default.jsp,Health
602,https://www.facebook.com/Drugscom,Health
603,https://www.youtube.com/user/drugscom,Health
604,https://twitter.com/drugscom,Health
605,https://www.hearst.co.uk/brands/netdoctor,Health
606,https://www.pinterest.co.uk/netdoctor0215/,Health
607,https://twitter.com/NetDoctor,Health
608,https://careers.redventures.com/healthline.html,Health
609,https://www.medicalnewstoday.com/exercise-and-fitness,Health
610,https://www.healthlinemedia.com/?utm_source=medicalnewstoday.com&utm_medium=site&utm_campaign=footer&utm_content=logo,Health
611,https://www.greatist.com/,Health
612,https://www.healthlinemedia.com/?utm_source=medicalnewstoday.com&utm_medium=site&utm_campaign=footer&utm_content=about,Health
613,https://www.medicalnewstoday.com/healthequity,Health
614,https://www.medicalnewstoday.com/cancer,Health
615,https://www.healthline.com/,Health
616,https://www.medicalnewstoday.com/nutrition,Health
617,https://www.medicalnewstoday.com/,Health
618,https://www.healthlinemedia.com/advertise?utm_source=medicalnewstoday.com&utm_medium=site&utm_campaign=footer&utm_content=advertise,Health
619,https://www.healthonnet.org/HONcode/Conduct.html?HONConduct694855,Health
620,https://www.weightwatchers.com/us/shop?utm_medium=internal&utm_source=ww.com&utm_campaign=wwm_visitor,Health
621,https://www.pinterest.com/ww_us/,Health
622,https://www.linkedin.com/company/wwinternational/,Health
623,https://www.weightwatchers.com/checkout/plan?st=digital,Health
624,https://www.instagram.com/ww/,Health
625,https://www.weightwatchers.com/us/shop?utm_medium=internal&utm_source=ww.com&utm_campaign=wwm_visitor_header,Health
626,https://twitter.com/ww_us/,Health
627,https://www.weightwatchers.com/us/plans,Health
628,https://foundations.weightwatchers.com/help/,Health
629,https://www.facebook.com/WW/,Health
630,https://www.youtube.com/user/WeightWatchers/,Health
631,https://www.weightwatchers.com/checkout/plan,Health
632,https://www.weightwatchers.com/us/find-a-workshop/,Health
633,https://www.weightwatchers.com/checkout/activation/,Health
634,https://www.weightwatchers.com/us/how-it-works,Health
635,https://www.weightwatchers.com/us/live-event-schedule,Health
636,https://corporate.ww.com/news-room/press-releases/default.aspx,Health
637,https://www.weightwatchers.com/us/personalassessment,Health
638,https://www.weightwatchers.com/us/find-a-workshop/locations,Health
639,https://cmx.weightwatchers.com/,Health
640,https://www.athenahealth.com/solutions/telehealth-services,Health
641,https://www.athenahealth.com/who-we-serve/overview,Health
642,https://www.athenahealth.com/who-we-serve/pediatrics,Health
643,https://www.athenahealth.com/who-we-serve/hospitals-and-healthcare-systems,Health
644,https://www.athenahealth.com/data-insights,Health
645,https://www.athenahealth.com/solutions/marketplace-partners,Health
646,https://www.athenahealth.com/contact-us/customer,Health
647,https://www.athenahealth.com/contact-us/sales,Health
648,https://www.athenahealth.com/case-studies,Health
649,https://marketplace.athenahealth.com/,Health
650,https://www.athenahealth.com/solutions/population-health,Health
651,https://athenanet.athenahealth.com,Health
652,https://www.athenahealth.com/about/contact-us,Health
653,https://www.athenahealth.com/knowledge-hub/covid,Health
654,https://www.athenahealth.com/solutions/practice-management,Health
655,https://www.athenahealth.com/knowledge-hub/partner-content,Health
656,https://www.athenahealth.com/news,Health
657,https://www.athenahealth.com/knowledge-hub/healthcare-technology,Health
658,https://www.athenahealth.com/knowledge-hub/clinical-trends/the-athenahealth-telehealth-insights-dashboard,Health
659,https://www.athenahealth.com/solutions/platform-services,Health
660,https://www.athenahealth.com/contact-us/patients,Health
661,https://www.athenahealth.com/solutions/mobile-capabilities,Health
662,https://www.athenahealth.com/why-choose-us/improved-efficiency,Health
663,https://www.athenahealth.com/press-releases/athenahealth-wins-three-stevie-awards-provider-facing-mobile-application-2021-american-business-awards,Health
664,https://www.athenahealth.com/solutions/care-coordination,Health
665,https://www.athenahealth.com/knowledge-hub/value-based-care,Health
666,https://www.athenahealth.com/solutions/athenaone,Health
667,https://www.athenahealth.com/who-we-serve/cardiology,Health
668,https://www.athenahealth.com/careers/locations,Health
669,https://www.athenahealth.com/who-we-serve/member-centric-care,Health
670,https://www.athenahealth.com/careers,Health
671,https://www.athenahealth.com/webinars,Health
672,https://www.athenahealth.com/white-papers,Health
673,https://www.athenahealth.com/who-we-serve/payers,Health
674,https://www.athenahealth.com/who-we-serve/medical-order-transmission,Health
675,https://www.athenahealth.com/why-choose-us/interoperability,Health
676,https://www.athenahealth.com/who-we-serve/gastroenterology,Health
677,https://www.athenahealth.com/knowledge-hub,Health
678,https://www.athenahealth.com/careers/teams,Health
679,https://www.athenahealth.com/who-we-serve/internal-and-family-medicine,Health
680,https://www.athenahealth.com/knowledge-hub/patient-experience,Health
681,https://www.athenahealth.com/newsroom,Health
682,https://www.athenahealth.com/about/leadership,Health
683,https://www.athenahealth.com/about/athenagives,Health
684,https://www.athenahealth.com/solutions/gamify,Health
685,https://www.athenahealth.com/white-papers/value-healthcare-it,Health
686,https://www.athenahealth.com/why-choose-us/cost-value,Health
687,https://www.athenahealth.com/solutions/medical-dictation-software,Health
688,https://www.athenahealth.com/knowledge-hub/clinical-trends-and-news,Health
689,https://www.athenahealth.com/why-choose-us/healthcare-network,Health
690,https://www.athenahealth.com/knowledge-hub/financial-performance,Health
691,https://www.athenahealth.com/careers/students,Health
692,https://www.athenahealth.com/solutions/epocrates,Health
693,https://www.athenahealth.com/why-choose-us/increase-revenue,Health
694,https://www.athenahealth.com/solutions/advisory-services,Health
695,https://www.athenahealth.com/who-we-serve/behavioral-health,Health
696,https://athenahealth.wd1.myworkdayjobs.com/External,Health
697,https://www.athenahealth.com/knowledge-hub/healthcare's-next-act,Health
698,https://www.athenahealth.com/careers/culture,Health
699,https://www.athenahealth.com/who-we-serve/obgyn,Health
700,https://www.athenahealth.com/about/who-we-are,Health
701,https://www.athenahealth.com/why-choose-us/macra-and-mips,Health
702,https://www.athenahealth.com/developer-portal,Health
703,https://www.athenahealth.com/who-we-serve/orthopedics,Health
704,https://www.athenahealth.com/why-choose-us/client-support,Health
705,https://www.athenahealth.com/who-we-serve/start-ups,Health
706,https://www.athenahealth.com/press-releases,Health
707,https://www.athenahealth.com/who-we-serve/FQHC,Health
708,https://www.athenahealth.com/knowledge-hub/practice-management,Health
709,https://www.athenahealth.com/solutions/patient-engagement,Health
710,https://www.athenahealth.com/white-papers/clinical-interoperability,Health
711,https://www.athenahealth.com/solutions/electronic-health-records,Health
712,https://medlineplus.gov/,Health
713,https://www.csr.nih.gov,Health
714,https://combatcovid.hhs.gov/,Health
715,https://www.cancer.gov,Health
716,https://salud.nih.gov/covid-19/,Health
717,https://twitter.com/NIH,Health
718,https://www.genome.gov,Health
719,https://grants.nih.gov/grants/oer.htm,Health
720,https://www.niddk.nih.gov/health-information/healthy-moments,Health
721,https://clinicalcenter.nih.gov,Health
722,https://nihpublications.od.nih.gov/,Health
723,https://www.flickr.com/photos/nihgov/,Health
724,https://www.nigms.nih.gov,Health
725,https://www.facebook.com/nih.gov,Health
726,https://employees.nih.gov/pages/coronavirus/,Health
727,https://www.edi.nih.gov/no-fear-act,Health
728,https://www.niaid.nih.gov,Health
729,https://oig.hhs.gov,Health
730,https://salud.nih.gov,Health
731,https://grants.nih.gov/funding/contracts.htm,Health
732,https://www.ncbi.nlm.nih.gov/pubmed/,Health
733,https://www.nhlbi.nih.gov,Health
734,https://www.nlm.nih.gov,Health
735,https://www.niaaa.nih.gov,Health
736,https://www.nih.gov/news-events/news-releases/composing-thoughts-mental-handwriting-produces-brain-activity-can-be-turned-into-text#,Health
737,https://www.niehs.nih.gov,Health
738,https://nihrecord.nih.gov/,Health
739,https://www.hhs.gov,Health
740,https://nccih.nih.gov,Health
741,https://intramural.nih.gov,Health
742,https://nexus.od.nih.gov/all/,Health
743,https://www.instagram.com/nihgov/,Health
744,https://www.nidcr.nih.gov,Health
745,https://neuroscienceblueprint.nih.gov,Health
746,https://grants.nih.gov/policy/index.htm,Health
747,https://grants.nih.gov/grants/about_grants.htm,Health
748,https://www.braininitiative.nih.gov/,Health
749,https://grants.nih.gov/grants/how-to-apply-application-guide/due-dates-and-submission-policies/due-dates.htm,Health
750,https://commonfund.nih.gov/,Health
751,https://www.niddk.nih.gov,Health
752,https://ned.nih.gov/,Health
753,https://stemcells.nih.gov,Health
754,https://www.lrp.nih.gov/,Health
755,https://directorsblog.nih.gov/2021/05/11/how-severe-covid-19-can-tragically-lead-to-lung-failure-and-death/,Health
756,https://heal.nih.gov/,Health
757,https://www.nibib.nih.gov,Health
758,https://www.nih.gov/news-events/news-releases/cdc-nih-bring-covid-19-self-testing-residents-two-locales,Health
759,https://commons.era.nih.gov/commons/,Health
760,https://www.drugabuse.gov,Health
761,https://ncats.nih.gov,Health
762,https://www.usa.gov/,Health
763,https://www.nidcd.nih.gov/news/2021/may-better-hearing-and-speech-month?utm_source=NIDCD_NIH&utm_medium=affiliate&utm_campaign=BHSMMay21,Health
764,https://www.niaid.nih.gov/diseases-conditions/lyme-disease,Health
765,https://nei.nih.gov,Health
766,https://report.nih.gov/,Health
767,https://grants.nih.gov/grants/how-to-apply-application-guide.html,Health
768,https://www.ninr.nih.gov,Health
769,https://www.nih.gov/research-training/medical-research-initiatives/activ/covid-19-therapeutics-prioritized-testing-clinical-trials,Health
770,https://www.nih.gov/news-events/nih-research-matters/tubes-or-antibiotics-repeat-ear-infections-children,Health
771,https://www.nidcd.nih.gov,Health
772,https://hr.nih.gov/jobs,Health
773,https://www.cit.nih.gov,Health
774,https://www.healthcare.gov,Health
775,https://www.youtube.com/user/nihod,Health
776,https://www.hhs.gov/ash/oah/resources-and-training/find-services/index.html,Health
777,https://www.ninds.nih.gov,Health
778,https://newsinhealth.nih.gov/,Health
779,https://www.fic.nih.gov,Health
780,https://www.niams.nih.gov,Health
781,https://www.nichd.nih.gov,Health
782,https://www.nimhd.nih.gov,Health
783,https://grants.nih.gov/funding/index.htm,Health
784,https://covid19.nih.gov,Health
785,https://oppnet.nih.gov,Health
786,https://www.cdc.gov/coronavirus/,Health
787,https://www.nia.nih.gov,Health
788,https://www.foreverycare.org/,Health
789,https://health.clevelandclinic.org,Health
790,https://www.pinterest.com/clevelandclinic/,Health
791,https://www.youtube.com/user/clevelandclinic,Health
792,https://jobs.clevelandclinic.org/,Health
793,https://www.instagram.com/clevelandclinic/,Health
794,https://www.linkedin.com/company/cleveland-clinic,Health
795,https://newsroom.clevelandclinic.org,Health
796,https://pages.clevelandclinic.org/second-opinion-257.html,Health
797,https://www.facebook.com/ClevelandClinic,Health
798,https://twitter.com/clevelandclinic,Health
799,https://consultqd.clevelandclinic.org,Health
800,https://my.clevelandclinic.org/webcontact/webmail,Health
801,https://www.snapchat.com/add/clevelandclinic,Health
802,https://www.who.int/campaigns/connecting-the-world-to-combat-coronavirus/how-to-report-misinformation-online,Health
803,https://www.who.int/emergencies/situations/yemen-crisis,Health
804,https://www.who.int/about/what-we-do/who-brochure,Health
805,https://covid19.who.int/,Health
806,https://www.who.int/news-room/events,Health
807,https://www.who.int/emergencies/diseases/novel-coronavirus-2019,Health
808,https://www.who.int/data/stories/world-health-statistics-2021-a-visual-summary,Health
809,https://www.who.int/westernpacific/,Health
810,https://www.who.int/ictrp/search/en/,Health
811,https://www.who.int/emergencies/diseases/novel-coronavirus-2019/interactive-timeline,Health
812,https://www.who.int/about/who-we-are/privacy-policy,Health
813,https://www.afro.who.int/,Health
814,https://www.who.int/,Health
815,https://www.who.int/about/governance/world-health-assembly/seventy-fourth-world-health-assembly,Health
816,https://www.who.int/southeastasia,Health
817,https://www.who.int/publications/en/,Health
818,https://www.who.int/redirect-pages/page/novel-coronavirus-(covid-19)-situation-dashboard,Health
819,https://www.paho.org/hq/index.php?lang=en,Health
820,https://www.who.int/news-room/releases,Health
821,https://www.medscape.com/public/applanding,Health
822,https://reference.medscape.com/features/guidelines?src=ban_guidelines_strip_mscpmrk_2021,Health
823,https://www.medscape.com/profile/professional,Health
824,https://login.medscape.com/login/sso/getlogin?ac=401,Health
825,https://espanol.medscape.com,Health
826,https://www.linkedin.com/company/24356,Health
827,https://profreg.medscape.com/px/registration.do?lang=en,Health
828,https://www.rxlist.com,Health
829,https://www.medscape.com/public/termsofuse,Health
830,https://www.medscape.com/video,Health
831,https://twitter.com/medscape,Health
832,https://www.medscape.com/public/medscapeapp?src=ban_strip_mscpmrk_app,Health
833,https://www.medscape.com/public/privacy,Health
834,https://login.medscape.com/login/sso/logout?RememberMe=No,Health
835,https://www.medscape.com/resource/coronavirus?src=ban_strip_mscpmrk_covid19,Health
836,https://www.emedicinehealth.com,Health
837,https://www.medscape.com/public/cookies,Health
838,https://portugues.medscape.com,Health
839,https://www.medscape.com/newsletters,Health
840,https://www.medscape.com/public/medscapeapp,Health
841,https://www.medscape.com/public/cmeapp,Health
842,https://www.medscape.com/for-you,Health
843,https://www.medscape.com/public/about,Health
844,https://facebook.com/medscape,Health
845,https://www.webmd.com,Health
846,https://www.instagram.com/medscape/,Health
847,https://login.medscape.com/login/sso/getlogin?ac=401&urlCache=aHR0cHM6Ly93d3cubWVkc2NhcGUuY29tL2hvbWU=,Health
848,https://www.youtube.com/user/medscape/,Health
849,https://decisionpoint.medscape.com/,Health
850,https://www.medscapelive.com/,Health
851,https://deutsch.medscape.com,Health
852,https://www.medscape.com/profile,Health
853,https://www.medscape.com/academy/business,Health
854,https://francais.medscape.com,Health
855,https://profreg.medscape.com/px/registration.do?lang=en&urlCache=aHR0cHM6Ly93d3cubWVkc2NhcGUuY29tL2hvbWU=,Health
856,https://www.medscape.com,Health
857,https://www.medscape.com/public/editorialpolicies,Health
858,https://help.medscape.com/,Health
859,https://www.medicinenet.com/,Health
860,https://www.webmd.com/corporate/default.htm,Health
861,https://www.verywellfamily.com,Health
862,https://www.verywellhealth.com/covid-vaccine-distribution-tracker-5097410,Health
863,https://www.verywellhealth.com/healthy-conversations-4628385,Health
864,https://www.verywellhealth.com/vaccines-4013434,Health
865,https://www.verywellhealth.com/about-us,Health
866,https://www.dotdash.com/our-brands/,Health
867,https://www.verywellhealth.com/non-small-cell-lung-cancer-4153003,Health
868,https://www.verywellhealth.com/the-hazards-of-cigarette-smoking-915017,Health
869,https://www.verywellhealth.com/cbc-test-analyzer-4768236,Health
870,https://www.verywellhealth.com/should-you-use-hand-sanitizer-770727,Health
871,https://www.verywellhealth.com/can-medical-masks-prevent-viral-infections-4798665,Health
872,https://www.verywellhealth.com/health-technology-overview-4581965,Health
873,https://www.verywellhealth.com/first-aid-4014723,Health
874,https://www.verywellhealth.com/news-4846412,Health
875,https://www.verywellhealth.com/thyroid-test-analyzer-4178703,Health
876,https://www.verywellhealth.com/high-blood-pressure-overview-4581957,Health
877,https://www.verywellhealth.com/thyroid-overview-4581882,Health
878,https://www.verywellhealth.com/a1c-test-results-analyzer-4582830,Health
879,https://www.verywellhealth.com/how-to-encourage-covid-19-vaccination-5101140,Health
880,https://www.dotdash.com/careers/,Health
881,https://www.facebook.com/verywell,Health
882,https://www.hon.ch/HONcode/Conduct.html?HONConduct695800,Health
883,https://www.pinterest.com/verywell,Health
884,https://www.verywellhealth.com/healthy-aging-4014711,Health
885,https://www.verywellhealth.com/how-to-encourage-a-cancer-screening-5082954,Health
886,https://www.verywellhealth.com/dietary-supplements-overview-4581976,Health
887,https://www.verywellhealth.com/coronavirus-covid-19-timeline-4798671,Health
888,https://www.verywellhealth.com/multiple-sclerosis-overview-4581925,Health
889,https://www.verywellhealth.com/health-care-4014769,Health
890,https://www.verywellhealth.com/medical-review-board,Health
891,https://www.verywellhealth.com/health-insurance-overview-4581967,Health
892,https://www.verywellfit.com,Health
893,https://www.verywellhealth.com/public-health-4158386,Health
894,https://www.verywellhealth.com/end-of-life-overview-4581973,Health
895,https://www.verywellhealth.com/what-are-covid-nails-5184966,Health
896,https://www.verywellhealth.com/doctors-with-kids-navigating-cdc-mask-guidance-5185688,Health
897,https://www.verywellhealth.com/best-otc-flu-meds-4174607,Health
898,https://www.verywellmind.com,Health
899,https://www.verywellhealth.com/coronavirus-covid-19-4799524,Health
900,https://www.verywellhealth.com/patient-rights-4014673,Health
901,https://instagram.com/verywell,Health
902,https://www.verywellhealth.com/diseases-that-mimic-rheumatoid-arthritis-190335,Health
903,https://www.verywellhealth.com/prevention-and-treatment-4158390,Health
904,https://www.verywellhealth.com/psoriasis-4014661,Health
905,https://www.verywellhealth.com/how-to-encourage-a-doctor-visit-4781731,Health
906,https://www.verywellhealth.com/arthritis-overview-4582013,Health
907,https://www.verywellhealth.com/health-news-4844929,Health
908,https://www.verywellhealth.com/lipid-test-analyzer-4582922,Health
909,https://www.verywellhealth.com/covid-19-vaccines-variants-booster-shots-5184914,Health
910,https://www.verywellhealth.com/covid-19-coronavirus-vaccine-5093230,Health
911,https://www.verywellhealth.com/caring-for-a-loved-one-with-metastatic-breast-cancer-4154821,Health
912,https://www.verywellhealth.com/doctor-discussion-guides-4179090,Health
913,https://www.verywellhealth.com/surgery-overview-4581881,Health
914,https://www.verywellhealth.com/how-to-talk-about-health-insurance-4768110,Health
915,https://www.verywellhealth.com/ibs-overview-4581946,Health
916,https://www.verywellhealth.com/renal-test-analyzer-4769439,Health
917,https://www.verywellhealth.com/health-a-z-4014770,Health
918,https://flipboard.com/@verywell,Health
919,https://www.verywellhealth.com/coronavirus-flu-differences-4798752,Health
920,https://www.verywellhealth.com/type-2-diabetes-overview-4581874,Health
921,https://www.dotdash.com,Health
922,https://www.verywellhealth.com/heart-disease-4014709,Health
923,https://www.verywellhealth.com,Health
924,https://www.verywellhealth.com/coronavirus-news-4845451,Health
925,https://www.health.harvard.edu/about-us,Health
926,https://www.health.harvard.edu/pay-bill,Health
927,https://www.health.harvard.edu/blog/more-movement-better-memory-202105172457,Health
928,https://www.health.harvard.edu/blog/the-pandemic-isnt-over-particularly-for-people-with-disabilities-202105252464,Health
929,https://www.health.harvard.edu/subscribe,Health
930,https://www.health.harvard.edu/blog/resistance-bands-3-great-ways-to-build-upper-body-strength-202105182458,Health
931,https://www.health.harvard.edu/topics,Health
932,https://www.health.harvard.edu/author/naomi-d-l-fisher-md,Health
933,https://www.health.harvard.edu/blog/can-mindfulness-change-your-brain-202105132455,Health
934,https://www.health.harvard.edu/licensing,Health
935,https://www.health.harvard.edu/author/kay-cahill-allison,Health
936,https://www.health.harvard.edu/author/robert-h-shmerling-md,Health
937,https://www.health.harvard.edu/author/paul-rizzoli-md,Health
938,https://www.health.harvard.edu/newsletters,Health
939,https://twitter.com/harvardhealth,Health
940,https://www.health.harvard.edu/resources,Health
941,https://www.health.harvard.edu/author/jeffrey-ecker-md,Health
942,https://www.health.harvard.edu/healthbeat,Health
943,https://www.health.harvard.edu/blog/sleep-to-solve-a-problem-202105242463,Health
944,https://www.health.harvard.edu/author/celia-smoak-spell,Health
945,https://www.health.harvard.edu/blog/mouth-watering-summer-fruits-and-vegetables-to-fill-your-plate-202105272468,Health
946,https://www.health.harvard.edu/blog/pregnancy-problems-may-predict-heart-health-decades-later-202105262466,Health
947,https://www.health.harvard.edu/category/common-conditions,Health
948,https://www.health.harvard.edu/customer-service,Health
949,https://www.health.harvard.edu/decision-guides,Health
950,https://www.health.harvard.edu/author/marcelo-campos-md,Health
951,https://www.health.harvard.edu/category/staying-healthy,Health
952,https://www.health.harvard.edu/blog,Health
953,https://www.health.harvard.edu,Health
954,https://www.health.harvard.edu/privacy-policy,Health
955,https://www.health.harvard.edu/blog/harvard-health-ad-watch-aches-pains-and-muscle-cramps-do-well-advertised-remedies-actually-work-202105192456,Health
956,https://www.facebook.com/HarvardHealthPublications,Health
957,https://www.health.harvard.edu/author/susan-farrell-md,Health
958,https://www.health.harvard.edu/staying-healthy/how-to-get-more-fiber-in-your-diet,Health
959,https://www.health.harvard.edu/topics/prostate-health,Health
960,https://www.health.harvard.edu/ask-harvard-medical-school-video-series,Health
961,https://www.health.harvard.edu/blog/happy-trails-take-a-hike-now-2021050422511,Health
962,https://www.harvardhealthonlinelearning.com,Health
963,https://www.health.harvard.edu/cart,Health
964,https://www.health.harvard.edu/author/paul-f-dellaripa-md,Health
965,https://www.health.harvard.edu/blog/american-heart-association-issues-statement-on-cardiovascular-side-effects-from-hormonal-therapy-for-prostate-cancer-202105182459,Health
966,https://www.health.harvard.edu/blog/common-questions-about-medical-cannabis-202105282467,Health
967,https://www.health.harvard.edu/permissions,Health
968,https://www.health.harvard.edu/login,Health
969,https://www.health.harvard.edu/privacy-policy#california-residents,Health
970,https://www.health.harvard.edu/birth-control,Health
971,https://www.harvardhealthonlinelearning.com/,Health
972,https://www.health.harvard.edu/diagnostic-tests-and-medical-procedures,Health
973,https://www.health.harvard.edu/author,Health
974,https://www.health.harvard.edu/cholesterol/cholesterol-and-heart-disease-the-role-of-diet,Health
975,https://www.health.harvard.edu/health-a-to-z,Health
976,https://www.health.harvard.edu/blog/sickle-cell-disease-ways-to-help-teens-and-parents-202105212460,Health
977,https://www.youtube.com/channel/UC-jj29vMMB1ulz_uEU5kUrA,Health
978,https://www.health.harvard.edu/special-health-reports,Health
979,https://login.mercola.com/join/default.aspx?ReturnUrl=https://www.mercola.com/&source=WWW,Health
980,https://www.mcafeesecure.com/verify?host=www.mercola.com,Health
981,https://www.youtube.com/mercola,Health
982,https://polish.mercola.com,Health
983,https://german.mercola.com,Health
984,https://www.facebook.com/doctor.health,Health
985,https://articles.mercola.com/teas.aspx,Health
986,https://login.mercola.com/login.aspx?ReturnUrl=https://www.mercola.com/,Health
987,https://gab.com/Mercola,Health
988,https://www.mercola.com/downloads/podcast.htm,Health
989,https://articles.mercola.com/sites/articles/archive/2021/05/26/npr-pharmaceutical-propaganda-disguised-as-journalism.aspx,Health
990,https://www.reddit.com/r/Dr_Mercola/,Health
991,https://www.bbb.org/chicago/business-reviews/vitamins-and-food-supplements/mercola-health-resources-llc-in-hoffman-estates-il-22002555/#sealclick,Health
992,https://articles.mercola.com/sites/articles/archive/2021/05/27/mass-vaccination-triggers-spike-covid-19-cases.aspx,Health
993,https://blogs.mercola.com/sites/vitalvotes/archive/2021/05/22/organic-meat-is-your-best-bet-for-avoiding-drugresistant-bacteria.aspx,Health
994,https://search.mercola.com/results.aspx?q=vaccine,Health
995,https://blogs.mercola.com/sites/vitalvotes/archive/2021/05/21/mit-researchers-admit-covid-skeptics-more-scientifically-rigorous.aspx,Health
996,https://blogs.mercola.com/sites/vitalvotes/archive/2021/05/24/florida-school-girl-owns-her-local-school-board.aspx,Health
997,https://mewe.com/p/dr.josephmercola,Health
998,https://www.amazon.com/Truth-about-Covid-19-Lockdowns-Passports/dp/1645020886?cid_source=banner&cid_medium=int&cid=truth_about_covid_20210528&cid_content=contenttop&cid_term=version5,Health
999,https://articles.mercola.com/sites/articles/archive/2021/05/22/covid-mask-theater-caught-on-camera.aspx,Health
1000,https://korean.mercola.com,Health
1001,https://search.mercola.com/results.aspx?q=removed%20articles,Health
1002,https://search.mercola.com/results.aspx?q=covid%20vaccine,Health
1003,https://www.mercolamarket.com,Health
1004,https://french.mercola.com,Health
1005,https://blogs.mercola.com/sites/vitalvotes/archive/2021/05/23/80-of-covid-patients-in-hospital-suffer-neurologic-complications.aspx,Health
1006,https://blogs.mercola.com/sites/vitalvotes/archive/2021/05/27/bayer-rethinking-glyphosate-sales-after-devastating-lawsuit-loss.aspx,Health
1007,https://healthypets.mercola.com/,Health
1008,https://t.me/DoctorMercola,Health
1009,https://fitness.mercola.com/,Health
1010,https://www.mercola.com/snapchat.htm,Health
1011,https://www.instagram.com/drmercola/,Health
1012,https://espanol.mercola.com/,Health
1013,https://www.drmercola.cn,Health
1014,https://search.mercola.com/results.aspx?q=nac,Health
1015,https://search.mercola.com/results.aspx?q=great%20reset,Health
1016,https://articles.mercola.com/sites/articles/rss.aspx,Health
1017,https://blogs.mercola.com/sites/vitalvotes/archive/2021/05/21/fda-don_1920_t-use-antibody-tests-after-vaccination-to-determine-immunity.aspx,Health
1018,https://articles.mercola.com/sites/articles/archive/2021/05/24/new-normal-critic-gets-censored.aspx,Health
1019,https://articles.mercola.com/herbs-spices.aspx,Health
1020,https://interviews.mercola.com/,Health
1021,https://media.mercola.com/assets/html/privacy/security_privacy.html,Health
1022,https://search.mercola.com/results.aspx?q=face%20masks,Health
1023,https://blogs.mercola.com/sites/vitalvotes/archive/2021/05/27/it_1920_s-time-to-stop-funding-obesity.aspx,Health
1024,https://articles.mercola.com/sites/articles/archive/2021/05/22/tucker-carlson-covid-vaccine-deaths.aspx,Health
1025,https://japanese.mercola.com,Health
1026,https://blogs.mercola.com/sites/vitalvotes/archive/2021/05/25/red-cross-doesn_1920_t-want-your-covid-convalescent-plasma.aspx,Health
1027,https://articles.mercola.com/sites/articles/archive/2021/05/26/wuhan-lab-deleting-files-proving-fauci-funding.aspx,Health
1028,https://products.mercolamarket.com/deals/sms-messaging/,Health
1029,https://recipes.mercola.com/,Health
1030,https://articles.mercola.com/healthy-body-hacks.aspx,Health
1031,https://www.mercola.com/,Health
1032,https://foodfacts.mercola.com,Health
1033,https://www.mercola.com/Citations/index.htm,Health
1034,https://blogs.mercola.com/sites/vitalvotes/archive/2021/05/26/first-man-to-receive-covid-vaccine-dies-of-a-stroke.aspx,Health
1035,https://www.mercola.com/resolution-guide-2020-optin.htm,Health
1036,https://www.mercolamarket.com/checkout/shoppingcart.aspx,Health
1037,https://articles.mercola.com/sites/articles/archive/2021/05/23/stephanie-seneff-covid-vaccine.aspx,Health
1038,https://articles.mercola.com/videos.aspx,Health
1039,https://articles.mercola.com/sites/articles/archive/2021/05/28/how-covid-vaccines-can-cause-blood-clots.aspx,Health
1040,https://www.mercola.com/nutritionplan/index.htm,Health
1041,https://brandnewtube.com/@Mercola,Health
1042,https://twitter.com/mercola,Health
1043,https://www.mercola.com,Health
1044,https://www.mercola.com/Downloads/bonus/free-reports.aspx,Health
1045,https://blogs.mercola.com/sites/vitalvotes/default.aspx,Health
1046,https://www.mercola.org/,Health
1047,https://www.mercola.com/contact-us.htm,Health
1048,https://canwinstitute.org/,Health
1049,https://search.mercola.com/results.aspx?q=vegetable%20oil,Health
1050,https://articles.mercola.com/sites/articles/archive/2021/05/24/week-183-health-quiz.aspx,Health
1051,https://www.nvic.org/,Health
1052,https://articles.mercola.com/sites/articles/archive/2021/05/25/spike-protein-coronavirus.aspx,Health
1053,https://www.mercola.com/employment/index.aspx,Health
1054,https://caminosdeagua.org/en/home,Health
1055,https://articles.mercola.com/sitemap.aspx,Health
1056,https://search.mercola.com/results.aspx?q=bill%20gates,Health
1057,https://www.mercola.com/pressroom/about.htm#media,Health
1058,https://blogs.mercola.com/sites/vitalvotes/archive/2021/05/24/dogs-can-detect-covid-infection-better-than-a-test.aspx,Health
1059,https://articles.mercola.com/herbal-oils.aspx,Health
1060,https://articles.mercola.com/sites/articles/archive/2021/05/24/delay-vaccination-for-people-with-covid-19-infections.aspx,Health
1061,https://responsibletechnology.org/,Health
1062,https://articles.mercola.com/gardening.aspx,Health
1063,https://media.mercola.com/assets/html/terms/terms-conditions.html,Health
1064,https://parler.com/profile/Drmercola/posts,Health
1065,https://search.mercola.com/results.aspx?q=covid,Health
1066,https://articles.mercola.com/sites/articles/archive/2021/05/23/dcis.aspx,Health
1067,https://articles.mercola.com/vitamins-supplements.aspx,Health
1068,https://espanol.mercola.com,Health
1069,https://www.mercola.com/pressroom/about.htm,Health
1070,https://articles.mercola.com/sites/articles/archive/2021/05/27/chemicals-causing-birth-defects.aspx,Health
1071,https://portuguese.mercola.com,Health
1072,https://blogs.mercola.com/sites/vitalvotes/archive/2021/05/26/can-kids-get-the-covid-vaccine-without-their-parents_1920_-consent.aspx,Health
1073,https://blogs.mercola.com/sites/vitalvotes/archive/2021/05/25/could-increased-cases-of-adhd-be-a-covid-side-effect-in-children.aspx,Health
1074,https://articles.mercola.com/sites/articles/archive/2021/05/25/campaign-to-combat-vaccine-hesitancy.aspx,Health
1075,https://articles.mercola.com/sites/Newsletter/NewsLetter-Archive.aspx,Health
1076,https://articles.mercola.com/common-health-questions.aspx,Health
1077,https://www.mercola.com/forms/background.htm,Health
1078,https://russian.mercola.com,Health
1079,https://search.mercola.com/results.aspx?q=johnson%20and%20johnson%20vaccine,Health
1080,https://blogs.mercola.com/sites/vitalvotes/archive/2021/05/22/136-million-americans-have-a-sleep-disorder.aspx,Health
1081,https://articles.mercola.com/sites/articles/archive/2021/05/28/physicians-forbidden-from-questioning-official-health-guides.aspx,Health
1082,https://www.bitchute.com/channel/ySITC1RcRsOS/,Health
1083,https://italiano.mercola.com,Health
1084,https://twitter.com/MSDManualHome ,Health
1085,https://www.facebook.com/MSDManualHome/,Health
1086,https://www.healthonnet.org/HONcode/Conduct.html?HONConduct156616,Health
1087,https://www.msdvetmanual.com/,Health
1088,https://www.addtoany.com/share,Health
1089,https://www.msdvetmanual.com,Health
1090,https://www.msdprivacy.com/,Health
1091,https://www.facebook.com/1mgOfficial,Health
1092,https://twitter.com/1mgofficial,Health
1093,https://medium.com/1mgofficial,Health
1094,https://itunes.apple.com/in/app/1mg/id554578419?mt=8,Health
1095,https://www.youtube.com/c/1mgofficial,Health
1096,https://play.google.com/store/apps/details?id=com.aranoah.healthkart.plus,Health
1097,https://www.1mg.com/subscription-plan/myplan?utm_source=cpsales&utm_medium=allcampaigns&utm_campaign=homepage_bottom_scroller,Health
1098,https://www.linkedin.com/company/1mg,Health
1099,https://www.fitbit.com/global/it/technology/fitbit-os,Health
1100,https://healthsolutions.fitbit.com/fitbit-care/,Health
1101,https://healthsolutions.fitbit.com/partners/,Health
1102,https://gallery.fitbit.com,Health
1103,https://investor.fitbit.com/press/press-releases/default.aspx,Health
1104,https://www.fitbit.com/global/it/home,Health
1105,https://www.fitbit.com/global/it/products/designer-collections,Health
1106,https://stories.fitbit.com/,Health
1107,https://www.fitbit.com/global/it/products,Health
1108,https://instagram.com/fitbit,Health
1109,https://www.youtube.com/user/FitbitOfficialSite,Health
1110,https://www.fitbit.com/global/it/products/trackers/ace3,Health
1111,https://www.fitbit.com/global/it/motivation/challenges,Health
1112,https://www.fitbit.com/global/it/products/smartwatches/versa3,Health
1113,https://www.fitbit.com/global/it/legal/cookie-policy,Health
1114,https://healthsolutions.fitbit.com/healthplans/,Health
1115,https://www.fitbit.com/global/it/products/services/premium,Health
1116,https://www.fitbit.com/global/it/products/accessories,Health
1117,https://www.fitbit.com/global/it/products/smartwatches/sense,Health
1118,https://www.fitbit.com/global/it/technology/compatible-devices,Health
1119,https://www.fitbit.com/global/it/technology/sleep,Health
1120,https://healthsolutions.fitbit.com/healthsystems/,Health
1121,https://www.fitbit.com/global/it/technology/heart-rate,Health
1122,https://www.fitbit.com/global/it/products/trackers,Health
1123,https://www.fitbit.com/global/it/technology/voice,Health
1124,https://www.fitbit.com/global/it/products/scales,Health
1125,https://www.twitter.com/fitbit,Health
1126,https://www.fitbit.com/global/it/technology/stress,Health
1127,https://www.fitbit.com/global/it/countries,Health
1128,https://www.fitbit.com/global/it/technology/active-zone-minutes,Health
1129,https://dev.fitbit.com/,Health
1130,https://www.fitbit.com/global/it/technology/partnership,Health
1131,https://help.fitbit.com/,Health
1132,https://help.fitbit.com/articles/en_US/Help_article/2454.htm,Health
1133,https://www.fitbit.com/global/it/products/trackers/luxe,Health
1134,https://www.fitbit.com/global/it/technology/health-metrics,Health
1135,https://www.pinterest.com/fitbit/,Health
1136,https://blog.fitbit.com/,Health
1137,https://blog.fitbit.com/IT-2021-update/?utm_source=go_mar&utm_medium=blog&utm_country_code=it_IT&utm_campaign=web,Health
1138,https://www.fitbit.com/global/it/technology,Health
1139,https://www.fitbit.com/global/it/setup,Health
1140,https://www.fitbit.com/global/it/technology/fitbit-pay,Health
1141,https://www.fitbit.com/global/it/sustainability,Health
1142,https://www.fitbit.com/global/it/legal/terms-of-service,Health
1143,https://www.fitbit.com/global/it/technology/ecg,Health
1144,https://www.fitbit.com/global/it/products/services,Health
1145,https://www.fitbit.com/global/it/product-care,Health
1146,https://healthsolutions.fitbit.com/employers/,Health
1147,https://www.fitbit.com/global/it/about-us,Health
1148,https://www.fitbit.com/global/it/careers,Health
1149,https://healthsolutions.fitbit.com/researchers/,Health
1150,https://www.fitbit.com/global/it/partners/retailers,Health
1151,https://community.fitbit.com/t5/Community/ct-p/EN,Health
1152,https://www.fitbit.com/global/it/legal/cookie-policy#your-choices,Health
1153,https://www.fitbit.com/global/it/legal/privacy-policy,Health
1154,https://www.fitbit.com/global/it/products/whats-new,Health
1155,https://www.fitbit.com/global/it/products/smartwatches,Health
1156,https://www.cdc.gov/other/language-assistance.html#Italian,Health
1157,https://www.cdc.gov/other/language-assistance.html#Arabic,Health
1158,https://www.cdc.gov/other/language-assistance.html#Farsi,Health
1159,https://www.cdc.gov/other/language-assistance.html#French,Health
1160,https://go.usa.gov/xyY6z,Health
1161,https://phil.cdc.gov/,Health
1162,https://jobs.cdc.gov,Health
1163,https://stacks.cdc.gov/,Health
1164,https://www.cdc.gov/stltpublichealth/index.html,Health
1165,https://www.cdc.gov/od/foia,Health
1166,https://www.cdc.gov/training/index.html,Health
1167,https://www.cdc.gov/fellowships/index.html,Health
1168,https://www.cdc.gov/ToolsResources/,Health
1169,https://www.cdc.gov/nCoV,Health
1170,https://wwwn.cdc.gov/dcs/contactus/form,Health
1171,https://wwwnc.cdc.gov/eid/,Health
1172,https://www.cdc.gov/other/language-assistance.html#Polish,Health
1173,https://oig.hhs.gov,Health
1174,https://emergency.cdc.gov/disasters/,Health
1175,https://www.cdc.gov/contact/accessibility.html,Health
1176,https://www.cdc.gov/populationhealth/well-being/index.htm,Health
1177,https://api.addthis.com/oexchange/0.8/forward/facebook/offer?url=https%3A%2F%2Fwww.cdc.gov%2Findex.htm&title=CDC%20Works%2024/7&description=As%20the%20nation%27s%20health%20protection%20agency/%20CDC%20saves%20lives%20and%20protects%20people%20from%20health/%20safety%20and%20security%20threats.&via=CDCgov&ct=0&media=https://www.cdc.gov/homepage/images/centers-for-disease-control-and-prevention.png,Health
1178,https://www.cdc.gov/dotw/,Health
1179,https://tools.cdc.gov/campaignproxyservice/subscriptions.aspx?topic_id=USCDC_2067,Health
1180,https://www.cdc.gov/GlobalHealth/,Health
1181,https://www.cdc.gov/az/,Health
1182,https://www.cdc.gov/funding,Health
1183,https://emergency.cdc.gov/bioterrorism/,Health
1184,https://wwwnc.cdc.gov/travel/diseases/,Health
1185,https://www.cdc.gov/other/plugins/index.html,Health
1186,https://www.cdc.gov/other/language-assistance.html#English,Health
1187,https://www.hhs.gov,Health
1188,https://twitter.com/CDCgov,Health
1189,https://www.cdc.gov/other/language-assistance.html#Haitian,Health
1190,https://www.youtube.com/user/CDCstreamingHealth,Health
1191,https://wwwnc.cdc.gov/travel/page/yellowbook-home/,Health
1192,https://www.cdc.gov/publications/,Health
1193,https://go.usa.gov/xygXt,Health
1194,https://www.cdc.gov/other/language-assistance.html#Japanese,Health
1195,https://www.cdc.gov/Other/policies.html,Health
1196,https://www.cdc.gov/other/language-assistance.html#German,Health
1197,https://www.cdc.gov/other/language-assistance.html#Spanish,Health
1198,https://tools.cdc.gov/podcasts/rss.asp,Health
1199,https://www.cdc.gov/coronavirus/2019-ncov/communication/responder-stories.html,Health
1200,https://www.cdc.gov/other/language-assistance.html#Russian,Health
1201,https://wwwnc.cdc.gov/travel/destinations/list/,Health
1202,https://www.cdc.gov/coronavirus/2019-nCoV/index.html,Health
1203,https://wwwn.cdc.gov/dcs/RequestForm.aspx,Health
1204,https://www.cdc.gov/cdctv,Health
1205,https://www.cdc.gov/eeo/nofearact/index.htm,Health
1206,https://www.snapchat.com/add/cdcgov,Health
1207,https://www.facebook.com/CDC,Health
1208,https://jobs.cdc.gov/,Health
1209,https://emergency.cdc.gov/chemical/,Health
1210,https://www.cdc.gov/other/language-assistance.html#Chinese,Health
1211,https://www.cdc.gov/Other/disclaimer.html,Health
1212,https://emergency.cdc.gov/recentincidents/,Health
1213,https://www.cdc.gov/other/language-assistance.html#Korean,Health
1214,https://www.cdc.gov/Workplace/,Health
1215,https://wwwnc.cdc.gov/travel/notices/,Health
1216,https://www.cdc.gov/other/language-assistance.html,Health
1217,https://www.linkedin.com/company/centers-for-disease-control-and-prevention,Health
1218,https://api.addthis.com/oexchange/0.8/forward/twitter/offer?url=https%3A%2F%2Fwww.cdc.gov%2Findex.htm&title=CDC%20Works%2024/7&description=As%20the%20nation%27s%20health%20protection%20agency%20CDC%20saves%20lives%20and%20protects%20people%20from%20health%20safety%20and%20security%20threats.&via=CDCgov&ct=0&media=https://www.cdc.gov/homepage/images/centers-for-disease-control-and-prevention.png,Health
1219,https://www.usa.gov/,Health
1220,https://www.cdc.gov/other/language-assistance.html#Portuguese,Health
1221,https://www.cdc.gov,Health
1222,https://www.cdc.gov/InjuryViolenceSafety/,Health
1223,https://api.addthis.com/oexchange/0.8/forward/linkedin/offer?url=https%3A%2F%2Fwww.cdc.gov%2Findex.htm&title=CDC%20Works%2024/7&description=As%20the%20nation%27s%20health%20protection%20agency%20CDC%20saves%20lives%20and%20protects%20people%20from%20health%20safety%20and%20security%20threats.&via=CDCgov&ct=0&media=https://www.cdc.gov/homepage/images/centers-for-disease-control-and-prevention.png,Health
1224,https://www.cdc.gov/cdctv/,Health
1225,https://www.cdc.gov/other/language-assistance.html#Tagalog,Health
1226,https://www.cdc.gov/vitalsigns/,Health
1227,https://www.cdc.gov/Environmental/,Health
1228,https://www.cdc.gov/cdc-info/index.html,Health
1229,https://www.cdc.gov/features/archive/,Health
1230,https://wwwnc.cdc.gov/travel/,Health
1231,https://tools.cdc.gov/campaignproxyservice/subscriptions.aspx?,Health
1232,https://wwwnc.cdc.gov/travel/page/find-clinic/,Health
1233,https://www.cdc.gov/about/default.htm,Health
1234,https://www.cdc.gov/other/nondiscrimination.html,Health
1235,https://www.cdc.gov/other/language-assistance.html#Vietnamese,Health
1236,https://www.cdc.gov/DataStatistics/,Health
1237,https://emergency.cdc.gov/,Health
1238,https://www.instagram.com/CDCgov/,Health
1239,https://wwwn.cdc.gov/pubs/other-languages/,Health
1240,https://www.cdc.gov/other/privacy.html,Health
1241,https://www.facebook.com/womenshealthmagazine,Health
1242,https://www.hearst.com/-/us-magazines-privacy-notice#_INTEREST_BASED,Health
1243,https://join.womenshealthmag.com/pubs/HR/WHL/WHL2_Plans.jsp?cds_page_id=252248&cds_mag_code=WHL&cds_tracking_code=topnav,Health
1244,https://www.hearst.com/-/us-magazines-privacy-notice,Health
1245,https://www.womenshealthmag.com/vision-21/,Health
1246,https://www.womenshealthmag.com/food/,Health
1247,https://plus.google.com/+WomensHealthMag,Health
1248,https://www.womenshealthmag.com/pride/,Health
1249,https://www.womenshealthmag.com/recipes/,Health
1250,https://twitter.com/WomensHealthMag,Health
1251,https://www.instagram.com/womenshealthmag,Health
1252,https://join.womenshealthmag.com/pubs/HR/WHL/WHL2_Plans.jsp?cds_page_id=252248&cds_mag_code=WHL&cds_tracking_code=panelnav,Health
1253,https://www.pinterest.com/womenshealthmag/,Health
1254,https://join.womenshealthmag.com/pubs/HR/WHL/WHL2_Plans.jsp?cds_page_id=252248&cds_mag_code=WHL&cds_tracking_code=footer,Health
1255,https://subscribe.hearstmags.com/subscribe/splits/womenshealthmag/whl_gift_nav_link?source=whl_gift_nav_footer,Health
1256,https://www.instagram.com/womenshealthmag/,Health
1257,https://www.pinterest.com/womenshealthmag,Health
1258,https://www.hearst.com/-/us-magazines-terms-of-use,Health
1259,https://www.womenshealthmag.com/workouts/,Health
1260,https://www.amazon.com/stores/+Women%27s+Health+Men%27s+Health/page/4FF43C7C-7888-48A8-8609-7628914190AA?ref_=ast_bln&_encoding=UTF8&tag=wh-lift-20&linkCode=ur2&linkId=b6231069deb489ab765d0e662bfc326d&camp=1789&creative=9325,Health
1261,https://www.facebook.com/womenshealthmagazine/,Health
1262,https://twitter.com/womenshealthmag,Health
1263,https://www.youtube.com/channel/UCk4di8t80ySV8WIbX00ol8w,Health
1264,https://www.womenshealthmag.com/beauty/,Health
1265,https://optout.hearstmags.com/servlet/OrdersGateway?cds_mag_code=A99&cds_page_id=246801&client_id=5dopduiabrmuoea03t5p41rsk5,Health
1266,https://www.hearst.com/-/us-magazines-privacy-notice#_ADDITIONAL_INFO,Health
1267,https://appsec.aarp.org/mem/join?keycode=UBBORG7&intcmp=DSO-MEMRR-NM-EWHERE,Health
1268,https://jobs.aarp.org/,Health
1269,https://games.aarp.org/category/juegos-espanol?intcmp=AE-GAMES-GLBNAV-JUEG,Health
1270,https://www.aarp.org/membership/?intcmp=AE-HP-FTR-MEM,Health
1271,https://www.aarp.org/benefits-discounts/all/bmi-calculator/?intcmp=IMAXmemHP-BMI_Calculator,Health
1272,https://www.aarp.org/ppi/?intcmp=FTR-LINKS-PRO-PPI-EWHERE,Health
1273,https://www.aarp.org/sitemap/,Health
1274,https://www.aarp.org/about-aarp/nrta/?intcmp=FTR-LINKS-PRO-NRTA-EWHERE,Health
1275,https://www.aarp.org/home-family/voices/hispanic-heritage/?intcmp=FTR-LINKS-HISPAN,Health
1276,https://www.aarp.org/benefits-discounts/?category=workandjobs&intcmp=GLBNAV-SL-MBCH-WOR,Health
1277,https://www.aarp.org/home-family/voices/native-origins-community/?intcmp=FTR-LINKS-NATAMRCN,Health
1278,https://stayingsharp.aarp.org/about/brain-health/games-play/?intcmp=GLBNAV-SL-GAME-BG,Health
1279,https://www.aarp.org/content/dam/aarp/benefits_discounts/documents/aarp-member-benefits-guide.pdf?intcmp=FTR-LINKS-DISC--BENFTS-DOWNLOAD-EWHERE,Health
1280,https://www.aarp.org/about-aarp/aarp-website-copyright-information/,Health
1281,https://appsec.aarp.org/mem/renew?campaignId=UBBORG7R&intcmp=DSO-MEMRR-A-EWHERE,Health
1282,https://secure.aarp.org/applications/account/editAccount.action?request_locale=en&intcmp=DSO-MEMRR-L-EDIT-EWHERE,Health
1283,https://www.aarp.org/travel/?intcmp=FTR-LINKS-FUN-TRVL-EWHERE,Health
1284,https://www.aarp.org/work/career-change/,Health
1285,https://press.aarp.org/?intcmp=FTR-LINKS-PRO-PRESS1-EWHERE,Health
1286,https://secure.aarp.org/applications/account/editAccount.action?intcmp=FTR-LINKS-MEM-UPDATE-EWHERE,Health
1287,https://join.aarp.org/aarp-gift-flow/?campaignid=UGIFT=FTR-LINKS-MEM-GIFT-EWHERE,Health
1288,https://oats.org/,Health
1289,https://action.aarp.org/sign?intcmp=FTR-LINKS-ACT-ADVOCATE-EWHERE&intcmp=FTR-LINKS-ACT-ADVOCATE-EWHERE,Health
1290,https://videos.aarp.org,Health
1291,https://chinese.aarp.org/?intcmp=GLBNAV-FX-BTM-CHNS,Health
1292,https://www.aarp.org,Health
1293,https://www.aarp.org/benefits-discounts/?category=community&intcmp=GLBNAV-SL-MBCH-COMM,Health
1294,https://local.aarp.org/virtual-community-center/?intcmp=AE-HP-TTN-R1-POS2-REALPOSS-TODAY,Health
1295,https://secure.aarp.org/applications/account/editAccount.action?request_locale=en&intcmp=DSO-MEMRR-NM-EDIT-EWHERE,Health
1296,https://www.aarp.org/caregiving/community/?intcmp=GLBNAV-SL-CAR-COMM,Health
1297,https://secure.aarp.org/applications/user/account/myAccount.action?request_locale=en&intcmp=DSO-MEMRR-A-PRINT-EWHERE,Health
1298,https://www.aarp.org/benefits-discounts/hot-deals/?intcmp-FTR-LNKS-DISC-HD-EWHERE,Health
1299,https://www.aarp.org/benefits-discounts/my-membership/print-your-card/?intcmp=FTR-LINKS-MEM-PRNTCRD-EWHERE,Health
1300,https://www.aarp.org/work/resume-advisor/?intcmp=FTR-LINKS-JOBRES-RESUME-EWHERE,Health
1301,https://www.aarp.org/membership/?intcmp=FTR-MEM-JOIN-EWHERE,Health
1302,https://www.aarp.org/research/?intcmp=FTR-LINKS-PRO-RESRCH-EWHERE,Health
1303,https://www.aarp.org/caregiving/local/?intcmp=FTR-LINKS-CRGVNG-LRS-EWHERE,Health
1304,https://stayingsharp.aarp.org/?intcmp=FTR-LINKS-HEA-SS,Health
1305,https://games.aarp.org/category/members/?intcmp=AE-GAMES-GLBNAV-MEMB,Health
1306,https://appsec.aarp.org/mem/renew?campaignId=UBBORG6&intcmp=DSO-MEMRR-L-EWHERE,Health
1307,https://help.aarp.org/?intcmp=AE-HP-HDR-HELP,Health
1308,https://www.aarp.org/states?intcmp=AARPE-HP-INYOURSATE,Health
1309,https://wishofalifetime.org/?intcmp=FTR-LINKS-ACT-WISHLIFETIME-EWHERE,Health
1310,https://appsec.aarp.org/membership/renew?campaignid=UBBORG4&intcmp=DSO-HDR-FLIP-RENEW-ewhere,Health
1311,https://games.aarp.org/?intcmp=GLBNAV-PL-GAME-GAME.html,Health
1312,https://www.aarp.org/about-aarp/privacy-policy/,Health
1313,https://games.aarp.org/category/word?intcmp=AE-GAMES-GLBNAV-WRD,Health
1314,https://www.aarp.org/benefits-discounts/?intcmp=DSO-HDR-BENEFITS-EWHERE,Health
1315,https://www.aarp.org/benefits-discounts/all/avis-rent-a-car-10043/?intcmp=IMAXmemHP-Avis_Rent_A_Car,Health
1316,https://appsec.aarp.org/mem/renew?campaignId=UBBORG6&intcmp=DSO-MEMRR-E-EWHERE,Health
1317,https://www.aarp.org/benefits-discounts/?category=insurance&intcmp=GLBNAV-SL-MBCH-INSR,Health
1318,https://press.aarp.org?intcmp=FTR-LINKS-PRO-PRESS2-EWHERE,Health
1319,https://games.aarp.org/category/mahjongg?intcmp=AE-GAMES-GLBNAV-MAHJ,Health
1320,https://secure.aarp.org/applications/user/account/myAccount.action?request_locale=en&intcmp=DSO-MEMRR-C-PRINT-EWHERE,Health
1321,https://seniorplanet.org/,Health
1322,https://appsec.aarp.org/mem/join?campaignid=UBBORG5&intcmp=DSO-HDR-FLIP-JOIN-ewhere,Health
1323,https://www.aarp.org/about-aarp/rewards-terms-and-conditions/,Health
1324,https://www.aarp.org/caregiving/answers/?intcmp=FTR-LINKS-CRGVNG-QA-EWHERE,Health
1325,https://secure.aarp.org/applications/account/myAccount.action?intcmp=DSO-HDR-FLIP-MYACCT-ewhere,Health
1326,https://www.aarp.org/about-aarp/policies/?intcmp=FTR-LINKS-PRO-PP-EWHERE,Health
1327,https://secure.aarp.org/applications/account/editNewsletters.action?intcmp=NLFCOI,Health
1328,https://videos.aarp.org/detail/videos/fitness/video/6148606814001/10-minute-stretch-and-energize-workout-with-kathy-smith,Health
1329,https://www.aarp.org/home-family/voices/lgbt-pride/?intcmp=FTR-LINKS-LGBTQ,Health
1330,https://www.aarp.org/about-aarp/aarp-services/?intcmp=FTR-LINKS-PRO-ASI-EWHERE,Health
1331,https://chinese.aarp.org/?intcmp=AE-HP-FTR-CHINESE,Health
1332,https://www.aarp.org/about-aarp/events/?intcmp=FTR-LINKS-RWL-EVENTS-EWHERE,Health
1333,https://static.aarp.services.wirewheel.io/,Health
1334,https://games.aarp.org/category/rewards-games?intcmp=AE-GAMES-GLBNAV-RWDS,Health
1335,https://www.aarp.org/rss/,Health
1336,https://www.aarp.org/about-aarp/nrta/?intcmp=FTR-LINKS-INFO-NRTA-EWHERE,Health
1337,https://www.aarp.org/volunteer,Health
1338,https://games.aarp.org/category/atari-games?intcmp=AE-GAMES-GLBNAV-ATAR,Health
1339,https://secure.aarp.org/applications/account/editAccount.action?request_locale=en&intcmp=DSO-MEMRR-E-EDIT-EWHERE,Health
1340,https://action.aarp.org/site/Donation/ajax-adv-donate-now?intcmp=FTR-LINKS-ACT-DONATE-EWHERE,Health
1341,https://games.aarp.org/category/arcade?intcmp=GLBNAV-SL-GAME-ARCA,Health
1342,https://www.aarp.org/podcasts/?intcmp=FTR-LINKS-RWL-PODCAST-EWHERE,Health
1343,https://www.aarp.org/espanol/?intcmp=AE-HP-FTR-ESPANOL,Health
1344,https://foundation.aarp.org/site/Donation2?14308.donation=form1&df_id=14308&mfc_pref=T&intcmp=FTR-LINKS-FOU-DONATE-EWHERE,Health
1345,https://www.aarp.org/benefits-discounts/?category=healthandwellness&intcmp=GLBNAV-SL-HEA-MBCH,Health
1346,https://www.aarp.org/membership/renew/?intcmp=FTR-LINKS-MEM-RENEW-EWHERE,Health
1347,https://www.aarp.org/money/scams-fraud/?intcmp=FTR-LINKS-FWN-EWHERE,Health
1348,https://appsec.aarp.org/mem/join?campaignId=UBBORG7&intcmp=DSO-MEMRR-A-EWHERE,Health
1349,https://www.aarp.org/benefits-discounts/?category=technologyandwireless,Health
1350,https://secure.aarp.org/applications/user/logout/logout?intcmp=DSO-LOGOUT-EWHERE,Health
1351,https://www.aarp.org/about-aarp/terms-of-service/,Health
1352,https://secure.aarp.org/applications/user/account/editInterests.action?request_locale=en&intcmp=DSO-MEMRR-C-UPDATE-EWHERE,Health
1353,https://www.aarp.org/work/job-search/unemployment/,Health
1354,https://videos.aarp.org/detail/videos/most-recent/video/6256467990001/_the-aarp-minute_-may-28-2021,Health
1355,https://www.aarp.org/work/employers/,Health
1356,https://www.aarp.org/veterans,Health
1357,https://secure.aarp.org/applications/user/account/editInterests.action?request_locale=en&intcmp=DSO-MEMRR-E-UPDATE-EWHERE,Health
1358,https://www.aarp.org/benefits-discounts/?category=homeandfamily&intcmp=GLBNAV-SL-MBCH-HF,Health
1359,https://secure.aarp.org/applications/user/account/editInterests.action?request_locale=en&intcmp=DSO-MEMRR-L-UPDATE-EWHERE,Health
1360,https://www.aarp.org/benefits-discounts/?intcmp=FTR-LINKS-MEM-MB-EWHERE,Health
1361,https://games.aarp.org/category/solitaire?intcmp=GLBNAV-SL-GAME-SOLI,Health
1362,https://www.aarp.org/magazine/?intcmp=FTR-LINKS-RWL-ATM-EWHERE,Health
1363,https://secure.aarp.org/applications/user/account/myAccount.action?request_locale=en&intcmp=DSO-MEMRR-E-PRINT-EWHERE,Health
1364,https://www.aarp.org/entertainment/books/bookstore/?intcmp=FTR-LINKS-RWL-BOOK-EWHERE,Health
1365,https://www.aarp.org/home-family/voices/asian-community/?intcmp=FTR-LINKS-ASIA,Health
1366,https://www.aarp.org/home-family/voices/black-community/?intcmp=FTR-LINKS-BLCK,Health
1367,https://autos.aarp.org/aarp-auto-buying.html?intcmp=FTR-LINKS-DISC-AUTOBUY&referrer_id=ZAAR000018922?intcmp=FTR-LINKS-DISC-BNFTS-AUTO-EWHERE,Health
1368,https://secure.aarp.org/applications/user/account/myAccount.action?request_locale=en&intcmp=DSO-MEMRR-L-PRINT-EWHERE,Health
1369,https://secure.aarp.org/applications/user/account/myAccount.action?request_locale=en&intcmp=DSO-MEMRR-NM-PRINT-EWHERE,Health
